vertical_area,vertical_heigth,vertical_width,horizontal_area,horizontal_heigth,horizontal_width,vertical_mask_path,horizontal_mask_path,vertical_rgb_path,horizontal_rgb_path,vertical_depth_path,horizontal_depth_path
6284,119,79,6390,150,87,images/vertical/mask/9001af37.jpg,images/horizontal/mask/321c1bdc.jpg,images/vertical/rgb/9001af37.jpg,images/horizontal/rgb/321c1bdc.jpg,images/vertical/depth/9001af37.jpg,images/horizontal/depth/321c1bdc.jpg
14398,167,151,5332,127,85,images/vertical/mask/046d13e4.jpg,images/horizontal/mask/8d6f75f4.jpg,images/vertical/rgb/046d13e4.jpg,images/horizontal/rgb/8d6f75f4.jpg,images/vertical/depth/046d13e4.jpg,images/horizontal/depth/8d6f75f4.jpg
13696,159,159,6085,143,95,images/vertical/mask/195020dc.jpg,images/horizontal/mask/37aaf3df.jpg,images/vertical/rgb/195020dc.jpg,images/horizontal/rgb/37aaf3df.jpg,images/vertical/depth/195020dc.jpg,images/horizontal/depth/37aaf3df.jpg
12697,167,143,5123,119,79,images/vertical/mask/09eb74c5.jpg,images/horizontal/mask/47500282.jpg,images/vertical/rgb/09eb74c5.jpg,images/horizontal/rgb/47500282.jpg,images/vertical/depth/09eb74c5.jpg,images/horizontal/depth/47500282.jpg
13367,127,207,5366,119,119,images/vertical/mask/910d0b4b.jpg,images/horizontal/mask/c13f3d30.jpg,images/vertical/rgb/910d0b4b.jpg,images/horizontal/rgb/c13f3d30.jpg,images/vertical/depth/910d0b4b.jpg,images/horizontal/depth/c13f3d30.jpg
14175,207,175,5409,119,95,images/vertical/mask/3d1a0a95.jpg,images/horizontal/mask/fdb97197.jpg,images/vertical/rgb/3d1a0a95.jpg,images/horizontal/rgb/fdb97197.jpg,images/vertical/depth/3d1a0a95.jpg,images/horizontal/depth/fdb97197.jpg
15335,183,151,6640,143,103,images/vertical/mask/e30777f4.jpg,images/horizontal/mask/72c43da3.jpg,images/vertical/rgb/e30777f4.jpg,images/horizontal/rgb/72c43da3.jpg,images/vertical/depth/e30777f4.jpg,images/horizontal/depth/72c43da3.jpg
10438,143,151,5389,135,86,images/vertical/mask/6f389b55.jpg,images/horizontal/mask/94fafc1f.jpg,images/vertical/rgb/6f389b55.jpg,images/horizontal/rgb/94fafc1f.jpg,images/vertical/depth/6f389b55.jpg,images/horizontal/depth/94fafc1f.jpg
12134,175,135,7099,135,111,images/vertical/mask/019e278f.jpg,images/horizontal/mask/4e1a962e.jpg,images/vertical/rgb/019e278f.jpg,images/horizontal/rgb/4e1a962e.jpg,images/vertical/depth/019e278f.jpg,images/horizontal/depth/4e1a962e.jpg
10606,183,119,5055,103,78,images/vertical/mask/fcd05bfd.jpg,images/horizontal/mask/2ddf91cf.jpg,images/vertical/rgb/fcd05bfd.jpg,images/horizontal/rgb/2ddf91cf.jpg,images/vertical/depth/fcd05bfd.jpg,images/horizontal/depth/2ddf91cf.jpg
15895,255,143,6363,143,79,images/vertical/mask/f6d27b5f.jpg,images/horizontal/mask/e023cf08.jpg,images/vertical/rgb/f6d27b5f.jpg,images/horizontal/rgb/e023cf08.jpg,images/vertical/depth/f6d27b5f.jpg,images/horizontal/depth/e023cf08.jpg
12095,127,151,5784,135,79,images/vertical/mask/466410df.jpg,images/horizontal/mask/7920a31f.jpg,images/vertical/rgb/466410df.jpg,images/horizontal/rgb/7920a31f.jpg,images/vertical/depth/466410df.jpg,images/horizontal/depth/7920a31f.jpg
13282,151,199,5355,143,111,images/vertical/mask/b6166783.jpg,images/horizontal/mask/3fa6e9b6.jpg,images/vertical/rgb/b6166783.jpg,images/horizontal/rgb/3fa6e9b6.jpg,images/vertical/depth/b6166783.jpg,images/horizontal/depth/3fa6e9b6.jpg
12245,135,183,5192,127,95,images/vertical/mask/7ae1b365.jpg,images/horizontal/mask/d03062d9.jpg,images/vertical/rgb/7ae1b365.jpg,images/horizontal/rgb/d03062d9.jpg,images/vertical/depth/7ae1b365.jpg,images/horizontal/depth/d03062d9.jpg
14336,215,135,6168,143,94,images/vertical/mask/1fb0bdd5.jpg,images/horizontal/mask/b63256ac.jpg,images/vertical/rgb/1fb0bdd5.jpg,images/horizontal/rgb/b63256ac.jpg,images/vertical/depth/1fb0bdd5.jpg,images/horizontal/depth/b63256ac.jpg
18532,247,159,6511,127,95,images/vertical/mask/89ad0e3c.jpg,images/horizontal/mask/314961ad.jpg,images/vertical/rgb/89ad0e3c.jpg,images/horizontal/rgb/314961ad.jpg,images/vertical/depth/89ad0e3c.jpg,images/horizontal/depth/314961ad.jpg
9673,159,127,4416,103,71,images/vertical/mask/7e325f3c.jpg,images/horizontal/mask/ae9e21f6.jpg,images/vertical/rgb/7e325f3c.jpg,images/horizontal/rgb/ae9e21f6.jpg,images/vertical/depth/7e325f3c.jpg,images/horizontal/depth/ae9e21f6.jpg
15920,158,207,4548,95,119,images/vertical/mask/7c4eb41a.jpg,images/horizontal/mask/f3f200c3.jpg,images/vertical/rgb/7c4eb41a.jpg,images/horizontal/rgb/f3f200c3.jpg,images/vertical/depth/7c4eb41a.jpg,images/horizontal/depth/f3f200c3.jpg
14474,159,143,6177,127,79,images/vertical/mask/a966672b.jpg,images/horizontal/mask/d9052d90.jpg,images/vertical/rgb/a966672b.jpg,images/horizontal/rgb/d9052d90.jpg,images/vertical/depth/a966672b.jpg,images/horizontal/depth/d9052d90.jpg
13393,191,191,7032,127,127,images/vertical/mask/be25441a.jpg,images/horizontal/mask/f6b989ae.jpg,images/vertical/rgb/be25441a.jpg,images/horizontal/rgb/f6b989ae.jpg,images/vertical/depth/be25441a.jpg,images/horizontal/depth/f6b989ae.jpg
17060,191,247,6545,135,135,images/vertical/mask/200ec60a.jpg,images/horizontal/mask/dfaed40c.jpg,images/vertical/rgb/200ec60a.jpg,images/horizontal/rgb/dfaed40c.jpg,images/vertical/depth/200ec60a.jpg,images/horizontal/depth/dfaed40c.jpg
24882,303,159,6130,119,95,images/vertical/mask/ebaf8cb3.jpg,images/horizontal/mask/0959bccb.jpg,images/vertical/rgb/ebaf8cb3.jpg,images/horizontal/rgb/0959bccb.jpg,images/vertical/depth/ebaf8cb3.jpg,images/horizontal/depth/0959bccb.jpg
24481,231,223,6532,151,119,images/vertical/mask/10ba1b39.jpg,images/horizontal/mask/e6d3760a.jpg,images/vertical/rgb/10ba1b39.jpg,images/horizontal/rgb/e6d3760a.jpg,images/vertical/depth/10ba1b39.jpg,images/horizontal/depth/e6d3760a.jpg
12188,135,223,5474,111,119,images/vertical/mask/05ac2fb6.jpg,images/horizontal/mask/76bd5e1b.jpg,images/vertical/rgb/05ac2fb6.jpg,images/horizontal/rgb/76bd5e1b.jpg,images/vertical/depth/05ac2fb6.jpg,images/horizontal/depth/76bd5e1b.jpg
13112,231,95,5848,119,95,images/vertical/mask/6b414317.jpg,images/horizontal/mask/ee3e0bd3.jpg,images/vertical/rgb/6b414317.jpg,images/horizontal/rgb/ee3e0bd3.jpg,images/vertical/depth/6b414317.jpg,images/horizontal/depth/ee3e0bd3.jpg
17137,239,159,5919,119,102,images/vertical/mask/2a5386c0.jpg,images/horizontal/mask/93dd3f3e.jpg,images/vertical/rgb/2a5386c0.jpg,images/horizontal/rgb/93dd3f3e.jpg,images/vertical/depth/2a5386c0.jpg,images/horizontal/depth/93dd3f3e.jpg
8095,103,151,4750,95,95,images/vertical/mask/e5fa71a3.jpg,images/horizontal/mask/5a3017a3.jpg,images/vertical/rgb/e5fa71a3.jpg,images/horizontal/rgb/5a3017a3.jpg,images/vertical/depth/e5fa71a3.jpg,images/horizontal/depth/5a3017a3.jpg
16737,215,143,5785,143,79,images/vertical/mask/9070b61c.jpg,images/horizontal/mask/165217a5.jpg,images/vertical/rgb/9070b61c.jpg,images/horizontal/rgb/165217a5.jpg,images/vertical/depth/9070b61c.jpg,images/horizontal/depth/165217a5.jpg
19593,183,247,6700,127,134,images/vertical/mask/3610247f.jpg,images/horizontal/mask/dec77034.jpg,images/vertical/rgb/3610247f.jpg,images/horizontal/rgb/dec77034.jpg,images/vertical/depth/3610247f.jpg,images/horizontal/depth/dec77034.jpg
12850,159,159,6044,119,95,images/vertical/mask/91be1a36.jpg,images/horizontal/mask/08e0747a.jpg,images/vertical/rgb/91be1a36.jpg,images/horizontal/rgb/08e0747a.jpg,images/vertical/depth/91be1a36.jpg,images/horizontal/depth/08e0747a.jpg
19932,175,223,6235,127,119,images/vertical/mask/aa3c51f0.jpg,images/horizontal/mask/ea6a633b.jpg,images/vertical/rgb/aa3c51f0.jpg,images/horizontal/rgb/ea6a633b.jpg,images/vertical/depth/aa3c51f0.jpg,images/horizontal/depth/ea6a633b.jpg
6779,167,71,6279,135,103,images/vertical/mask/1bd5f6f4.jpg,images/horizontal/mask/d218dbe9.jpg,images/vertical/rgb/1bd5f6f4.jpg,images/horizontal/rgb/d218dbe9.jpg,images/vertical/depth/1bd5f6f4.jpg,images/horizontal/depth/d218dbe9.jpg
7156,135,79,5278,103,110,images/vertical/mask/b524237a.jpg,images/horizontal/mask/ee8677b8.jpg,images/vertical/rgb/b524237a.jpg,images/horizontal/rgb/ee8677b8.jpg,images/vertical/depth/b524237a.jpg,images/horizontal/depth/ee8677b8.jpg
21183,223,191,5899,135,102,images/vertical/mask/96eb67c2.jpg,images/horizontal/mask/2b885ef5.jpg,images/vertical/rgb/96eb67c2.jpg,images/horizontal/rgb/2b885ef5.jpg,images/vertical/depth/96eb67c2.jpg,images/horizontal/depth/2b885ef5.jpg
22989,215,239,6928,150,135,images/vertical/mask/baacaa27.jpg,images/horizontal/mask/4e282159.jpg,images/vertical/rgb/baacaa27.jpg,images/horizontal/rgb/4e282159.jpg,images/vertical/depth/baacaa27.jpg,images/horizontal/depth/4e282159.jpg
13429,151,151,6450,127,102,images/vertical/mask/b696737c.jpg,images/horizontal/mask/948aff45.jpg,images/vertical/rgb/b696737c.jpg,images/horizontal/rgb/948aff45.jpg,images/vertical/depth/b696737c.jpg,images/horizontal/depth/948aff45.jpg
15668,191,158,5657,119,87,images/vertical/mask/3c4b466d.jpg,images/horizontal/mask/e296a703.jpg,images/vertical/rgb/3c4b466d.jpg,images/horizontal/rgb/e296a703.jpg,images/vertical/depth/3c4b466d.jpg,images/horizontal/depth/e296a703.jpg
20740,303,167,6279,127,95,images/vertical/mask/65dd9089.jpg,images/horizontal/mask/3266d82b.jpg,images/vertical/rgb/65dd9089.jpg,images/horizontal/rgb/3266d82b.jpg,images/vertical/depth/65dd9089.jpg,images/horizontal/depth/3266d82b.jpg
20490,255,191,6043,135,111,images/vertical/mask/af877604.jpg,images/horizontal/mask/80f7dccb.jpg,images/vertical/rgb/af877604.jpg,images/horizontal/rgb/80f7dccb.jpg,images/vertical/depth/af877604.jpg,images/horizontal/depth/80f7dccb.jpg
19930,247,159,5618,127,95,images/vertical/mask/310d04ff.jpg,images/horizontal/mask/d3f6f7bd.jpg,images/vertical/rgb/310d04ff.jpg,images/horizontal/rgb/d3f6f7bd.jpg,images/vertical/depth/310d04ff.jpg,images/horizontal/depth/d3f6f7bd.jpg
15477,215,159,6912,135,102,images/vertical/mask/6312dbc2.jpg,images/horizontal/mask/1de8012e.jpg,images/vertical/rgb/6312dbc2.jpg,images/horizontal/rgb/1de8012e.jpg,images/vertical/depth/6312dbc2.jpg,images/horizontal/depth/1de8012e.jpg
9623,175,103,5177,119,79,images/vertical/mask/bbd6f5eb.jpg,images/horizontal/mask/3ddcef3d.jpg,images/vertical/rgb/bbd6f5eb.jpg,images/horizontal/rgb/3ddcef3d.jpg,images/vertical/depth/bbd6f5eb.jpg,images/horizontal/depth/3ddcef3d.jpg
16972,199,215,5987,119,119,images/vertical/mask/57e638de.jpg,images/horizontal/mask/3e634885.jpg,images/vertical/rgb/57e638de.jpg,images/horizontal/rgb/3e634885.jpg,images/vertical/depth/57e638de.jpg,images/horizontal/depth/3e634885.jpg
18082,143,223,7482,111,167,images/vertical/mask/0337a1bc.jpg,images/horizontal/mask/d6bab2a0.jpg,images/vertical/rgb/0337a1bc.jpg,images/horizontal/rgb/d6bab2a0.jpg,images/vertical/depth/0337a1bc.jpg,images/horizontal/depth/d6bab2a0.jpg
12521,159,151,7035,135,127,images/vertical/mask/3209b07c.jpg,images/horizontal/mask/a139d1a8.jpg,images/vertical/rgb/3209b07c.jpg,images/horizontal/rgb/a139d1a8.jpg,images/vertical/depth/3209b07c.jpg,images/horizontal/depth/a139d1a8.jpg
21719,183,255,9168,150,167,images/vertical/mask/a4152a6d.jpg,images/horizontal/mask/d1e99e7d.jpg,images/vertical/rgb/a4152a6d.jpg,images/horizontal/rgb/d1e99e7d.jpg,images/vertical/depth/a4152a6d.jpg,images/horizontal/depth/d1e99e7d.jpg
11590,143,143,6898,127,119,images/vertical/mask/dc674f4f.jpg,images/horizontal/mask/1609b19f.jpg,images/vertical/rgb/dc674f4f.jpg,images/horizontal/rgb/1609b19f.jpg,images/vertical/depth/dc674f4f.jpg,images/horizontal/depth/1609b19f.jpg
15845,231,135,5949,111,119,images/vertical/mask/82546c64.jpg,images/horizontal/mask/4957f995.jpg,images/vertical/rgb/82546c64.jpg,images/horizontal/rgb/4957f995.jpg,images/vertical/depth/82546c64.jpg,images/horizontal/depth/4957f995.jpg
18568,295,151,5285,103,103,images/vertical/mask/d6029df5.jpg,images/horizontal/mask/3879c011.jpg,images/vertical/rgb/d6029df5.jpg,images/horizontal/rgb/3879c011.jpg,images/vertical/depth/d6029df5.jpg,images/horizontal/depth/3879c011.jpg
17890,191,198,6307,127,119,images/vertical/mask/f66fca1f.jpg,images/horizontal/mask/310d2bda.jpg,images/vertical/rgb/f66fca1f.jpg,images/horizontal/rgb/310d2bda.jpg,images/vertical/depth/f66fca1f.jpg,images/horizontal/depth/310d2bda.jpg
22932,263,158,6048,127,103,images/vertical/mask/fde05814.jpg,images/horizontal/mask/4218ec75.jpg,images/vertical/rgb/fde05814.jpg,images/horizontal/rgb/4218ec75.jpg,images/vertical/depth/fde05814.jpg,images/horizontal/depth/4218ec75.jpg
26035,223,279,6466,135,159,images/vertical/mask/cfc276d4.jpg,images/horizontal/mask/31b00388.jpg,images/vertical/rgb/cfc276d4.jpg,images/horizontal/rgb/31b00388.jpg,images/vertical/depth/cfc276d4.jpg,images/horizontal/depth/31b00388.jpg
9466,95,175,6201,119,111,images/vertical/mask/e44b0e91.jpg,images/horizontal/mask/f54ed613.jpg,images/vertical/rgb/e44b0e91.jpg,images/horizontal/rgb/f54ed613.jpg,images/vertical/depth/e44b0e91.jpg,images/horizontal/depth/f54ed613.jpg
10914,127,159,5470,119,87,images/vertical/mask/a441127f.jpg,images/horizontal/mask/a7e84701.jpg,images/vertical/rgb/a441127f.jpg,images/horizontal/rgb/a7e84701.jpg,images/vertical/depth/a441127f.jpg,images/horizontal/depth/a7e84701.jpg
17874,199,199,6204,127,103,images/vertical/mask/25696e6b.jpg,images/horizontal/mask/3348d134.jpg,images/vertical/rgb/25696e6b.jpg,images/horizontal/rgb/3348d134.jpg,images/vertical/depth/25696e6b.jpg,images/horizontal/depth/3348d134.jpg
10591,199,87,5081,127,55,images/vertical/mask/a53f86fc.jpg,images/horizontal/mask/216e7c39.jpg,images/vertical/rgb/a53f86fc.jpg,images/horizontal/rgb/216e7c39.jpg,images/vertical/depth/a53f86fc.jpg,images/horizontal/depth/216e7c39.jpg
17459,159,239,6091,127,118,images/vertical/mask/8610a8c4.jpg,images/horizontal/mask/421f969c.jpg,images/vertical/rgb/8610a8c4.jpg,images/horizontal/rgb/421f969c.jpg,images/vertical/depth/8610a8c4.jpg,images/horizontal/depth/421f969c.jpg
11752,239,151,5205,127,87,images/vertical/mask/064f1718.jpg,images/horizontal/mask/845aecd8.jpg,images/vertical/rgb/064f1718.jpg,images/horizontal/rgb/845aecd8.jpg,images/vertical/depth/064f1718.jpg,images/horizontal/depth/845aecd8.jpg
14627,175,207,6098,111,111,images/vertical/mask/c3efc4b4.jpg,images/horizontal/mask/a67841fc.jpg,images/vertical/rgb/c3efc4b4.jpg,images/horizontal/rgb/a67841fc.jpg,images/vertical/depth/c3efc4b4.jpg,images/horizontal/depth/a67841fc.jpg
15909,175,191,5841,126,111,images/vertical/mask/a1cb5e1c.jpg,images/horizontal/mask/32af234a.jpg,images/vertical/rgb/a1cb5e1c.jpg,images/horizontal/rgb/32af234a.jpg,images/vertical/depth/a1cb5e1c.jpg,images/horizontal/depth/32af234a.jpg
15238,175,271,5092,103,151,images/vertical/mask/5e48be1e.jpg,images/horizontal/mask/ed2d0dac.jpg,images/vertical/rgb/5e48be1e.jpg,images/horizontal/rgb/ed2d0dac.jpg,images/vertical/depth/5e48be1e.jpg,images/horizontal/depth/ed2d0dac.jpg
3830,87,79,4392,103,55,images/vertical/mask/f52d17ec.jpg,images/horizontal/mask/2ed063be.jpg,images/vertical/rgb/f52d17ec.jpg,images/horizontal/rgb/2ed063be.jpg,images/vertical/depth/f52d17ec.jpg,images/horizontal/depth/2ed063be.jpg
6519,135,79,5239,135,55,images/vertical/mask/c6f0e6dc.jpg,images/horizontal/mask/5379c697.jpg,images/vertical/rgb/c6f0e6dc.jpg,images/horizontal/rgb/5379c697.jpg,images/vertical/depth/c6f0e6dc.jpg,images/horizontal/depth/5379c697.jpg
9439,135,143,5116,119,71,images/vertical/mask/f9badf6f.jpg,images/horizontal/mask/b7440848.jpg,images/vertical/rgb/f9badf6f.jpg,images/horizontal/rgb/b7440848.jpg,images/vertical/depth/f9badf6f.jpg,images/horizontal/depth/b7440848.jpg
5606,103,95,4247,119,63,images/vertical/mask/53bceab0.jpg,images/horizontal/mask/02178404.jpg,images/vertical/rgb/53bceab0.jpg,images/horizontal/rgb/02178404.jpg,images/vertical/depth/53bceab0.jpg,images/horizontal/depth/02178404.jpg
10198,127,135,6507,134,95,images/vertical/mask/92776e5f.jpg,images/horizontal/mask/84bf1063.jpg,images/vertical/rgb/92776e5f.jpg,images/horizontal/rgb/84bf1063.jpg,images/vertical/depth/92776e5f.jpg,images/horizontal/depth/84bf1063.jpg
7543,111,127,5349,111,71,images/vertical/mask/1a762e51.jpg,images/horizontal/mask/43e0bc0b.jpg,images/vertical/rgb/1a762e51.jpg,images/horizontal/rgb/43e0bc0b.jpg,images/vertical/depth/1a762e51.jpg,images/horizontal/depth/43e0bc0b.jpg
8352,119,127,5716,135,71,images/vertical/mask/720ad10a.jpg,images/horizontal/mask/dfa6175a.jpg,images/vertical/rgb/720ad10a.jpg,images/horizontal/rgb/dfa6175a.jpg,images/vertical/depth/720ad10a.jpg,images/horizontal/depth/dfa6175a.jpg
5174,79,103,5489,142,63,images/vertical/mask/df9eb8a8.jpg,images/horizontal/mask/6a20d162.jpg,images/vertical/rgb/df9eb8a8.jpg,images/horizontal/rgb/6a20d162.jpg,images/vertical/depth/df9eb8a8.jpg,images/horizontal/depth/6a20d162.jpg
10870,151,127,4791,103,71,images/vertical/mask/60ab6720.jpg,images/horizontal/mask/806e911c.jpg,images/vertical/rgb/60ab6720.jpg,images/horizontal/rgb/806e911c.jpg,images/vertical/depth/60ab6720.jpg,images/horizontal/depth/806e911c.jpg
5845,95,103,4395,111,63,images/vertical/mask/f76dd57b.jpg,images/horizontal/mask/8a6f85b3.jpg,images/vertical/rgb/f76dd57b.jpg,images/horizontal/rgb/8a6f85b3.jpg,images/vertical/depth/f76dd57b.jpg,images/horizontal/depth/8a6f85b3.jpg
11443,167,159,5556,119,79,images/vertical/mask/c9d0de90.jpg,images/horizontal/mask/3e94c947.jpg,images/vertical/rgb/c9d0de90.jpg,images/horizontal/rgb/3e94c947.jpg,images/vertical/depth/c9d0de90.jpg,images/horizontal/depth/3e94c947.jpg
7024,87,135,6542,127,127,images/vertical/mask/e3052bef.jpg,images/horizontal/mask/d10c24c1.jpg,images/vertical/rgb/e3052bef.jpg,images/horizontal/rgb/d10c24c1.jpg,images/vertical/depth/e3052bef.jpg,images/horizontal/depth/d10c24c1.jpg
7407,119,95,4625,119,55,images/vertical/mask/43c39d4a.jpg,images/horizontal/mask/dd60af8f.jpg,images/vertical/rgb/43c39d4a.jpg,images/horizontal/rgb/dd60af8f.jpg,images/vertical/depth/43c39d4a.jpg,images/horizontal/depth/dd60af8f.jpg
6616,103,118,4740,111,63,images/vertical/mask/46c4e2f8.jpg,images/horizontal/mask/3327a560.jpg,images/vertical/rgb/46c4e2f8.jpg,images/horizontal/rgb/3327a560.jpg,images/vertical/depth/46c4e2f8.jpg,images/horizontal/depth/3327a560.jpg
10099,175,111,5718,127,95,images/vertical/mask/02e72904.jpg,images/horizontal/mask/617afefb.jpg,images/vertical/rgb/02e72904.jpg,images/horizontal/rgb/617afefb.jpg,images/vertical/depth/02e72904.jpg,images/horizontal/depth/617afefb.jpg
9775,135,119,5713,135,71,images/vertical/mask/27db5ba0.jpg,images/horizontal/mask/34363205.jpg,images/vertical/rgb/27db5ba0.jpg,images/horizontal/rgb/34363205.jpg,images/vertical/depth/27db5ba0.jpg,images/horizontal/depth/34363205.jpg
10290,127,135,5708,127,87,images/vertical/mask/e76b4538.jpg,images/horizontal/mask/11b7d50f.jpg,images/vertical/rgb/e76b4538.jpg,images/horizontal/rgb/11b7d50f.jpg,images/vertical/depth/e76b4538.jpg,images/horizontal/depth/11b7d50f.jpg
12196,159,159,5185,103,95,images/vertical/mask/b3feb22c.jpg,images/horizontal/mask/655275c8.jpg,images/vertical/rgb/b3feb22c.jpg,images/horizontal/rgb/655275c8.jpg,images/vertical/depth/b3feb22c.jpg,images/horizontal/depth/655275c8.jpg
11698,151,199,5246,110,111,images/vertical/mask/c9ba1388.jpg,images/horizontal/mask/a08637fa.jpg,images/vertical/rgb/c9ba1388.jpg,images/horizontal/rgb/a08637fa.jpg,images/vertical/depth/c9ba1388.jpg,images/horizontal/depth/a08637fa.jpg
7576,87,119,6143,135,71,images/vertical/mask/ae0bc192.jpg,images/horizontal/mask/b16a734e.jpg,images/vertical/rgb/ae0bc192.jpg,images/horizontal/rgb/b16a734e.jpg,images/vertical/depth/ae0bc192.jpg,images/horizontal/depth/b16a734e.jpg
10573,135,127,6615,143,79,images/vertical/mask/63129e0e.jpg,images/horizontal/mask/d5cf3e8e.jpg,images/vertical/rgb/63129e0e.jpg,images/horizontal/rgb/d5cf3e8e.jpg,images/vertical/depth/63129e0e.jpg,images/horizontal/depth/d5cf3e8e.jpg
10223,119,191,4982,103,111,images/vertical/mask/f6b6d0d0.jpg,images/horizontal/mask/a8a66e32.jpg,images/vertical/rgb/f6b6d0d0.jpg,images/horizontal/rgb/a8a66e32.jpg,images/vertical/depth/f6b6d0d0.jpg,images/horizontal/depth/a8a66e32.jpg
20923,191,295,5971,111,166,images/vertical/mask/f44ad96e.jpg,images/horizontal/mask/f262663c.jpg,images/vertical/rgb/f44ad96e.jpg,images/horizontal/rgb/f262663c.jpg,images/vertical/depth/f44ad96e.jpg,images/horizontal/depth/f262663c.jpg
12556,143,237,5692,110,135,images/vertical/mask/4ed77cbb.jpg,images/horizontal/mask/c75c9284.jpg,images/vertical/rgb/4ed77cbb.jpg,images/horizontal/rgb/c75c9284.jpg,images/vertical/depth/4ed77cbb.jpg,images/horizontal/depth/c75c9284.jpg
10183,103,183,5049,103,103,images/vertical/mask/345f38a6.jpg,images/horizontal/mask/784420ea.jpg,images/vertical/rgb/345f38a6.jpg,images/horizontal/rgb/784420ea.jpg,images/vertical/depth/345f38a6.jpg,images/horizontal/depth/784420ea.jpg
11681,135,191,4876,95,103,images/vertical/mask/6ded371b.jpg,images/horizontal/mask/91a7ef47.jpg,images/vertical/rgb/6ded371b.jpg,images/horizontal/rgb/91a7ef47.jpg,images/vertical/depth/6ded371b.jpg,images/horizontal/depth/91a7ef47.jpg
10932,143,159,5194,103,87,images/vertical/mask/20e44965.jpg,images/horizontal/mask/1f5c5ef9.jpg,images/vertical/rgb/20e44965.jpg,images/horizontal/rgb/1f5c5ef9.jpg,images/vertical/depth/20e44965.jpg,images/horizontal/depth/1f5c5ef9.jpg
16043,191,247,5689,102,143,images/vertical/mask/73d10689.jpg,images/horizontal/mask/06f2b4e6.jpg,images/vertical/rgb/73d10689.jpg,images/horizontal/rgb/06f2b4e6.jpg,images/vertical/depth/73d10689.jpg,images/horizontal/depth/06f2b4e6.jpg
10434,111,175,4263,103,95,images/vertical/mask/1466c042.jpg,images/horizontal/mask/70ca9786.jpg,images/vertical/rgb/1466c042.jpg,images/horizontal/rgb/70ca9786.jpg,images/vertical/depth/1466c042.jpg,images/horizontal/depth/70ca9786.jpg
6795,103,127,4462,103,87,images/vertical/mask/53eef4f1.jpg,images/horizontal/mask/1c1ceab9.jpg,images/vertical/rgb/53eef4f1.jpg,images/horizontal/rgb/1c1ceab9.jpg,images/vertical/depth/53eef4f1.jpg,images/horizontal/depth/1c1ceab9.jpg
10084,119,190,4999,103,103,images/vertical/mask/a8c9101a.jpg,images/horizontal/mask/2080be1b.jpg,images/vertical/rgb/a8c9101a.jpg,images/horizontal/rgb/2080be1b.jpg,images/vertical/depth/a8c9101a.jpg,images/horizontal/depth/2080be1b.jpg
7472,135,95,4957,111,71,images/vertical/mask/068a8c52.jpg,images/horizontal/mask/26aa38f1.jpg,images/vertical/rgb/068a8c52.jpg,images/horizontal/rgb/26aa38f1.jpg,images/vertical/depth/068a8c52.jpg,images/horizontal/depth/26aa38f1.jpg
8042,119,151,4534,111,79,images/vertical/mask/b1f62bc6.jpg,images/horizontal/mask/bf51b20d.jpg,images/vertical/rgb/b1f62bc6.jpg,images/horizontal/rgb/bf51b20d.jpg,images/vertical/depth/b1f62bc6.jpg,images/horizontal/depth/bf51b20d.jpg
9686,103,175,4380,103,94,images/vertical/mask/1ec3ed0e.jpg,images/horizontal/mask/cb56b3a3.jpg,images/vertical/rgb/1ec3ed0e.jpg,images/horizontal/rgb/cb56b3a3.jpg,images/vertical/depth/1ec3ed0e.jpg,images/horizontal/depth/cb56b3a3.jpg
12606,151,231,5398,103,127,images/vertical/mask/8da24164.jpg,images/horizontal/mask/bbd75c21.jpg,images/vertical/rgb/8da24164.jpg,images/horizontal/rgb/bbd75c21.jpg,images/vertical/depth/8da24164.jpg,images/horizontal/depth/bbd75c21.jpg
11669,135,239,4788,95,127,images/vertical/mask/9f03e1f7.jpg,images/horizontal/mask/c7f6e810.jpg,images/vertical/rgb/9f03e1f7.jpg,images/horizontal/rgb/c7f6e810.jpg,images/vertical/depth/9f03e1f7.jpg,images/horizontal/depth/c7f6e810.jpg
15164,143,247,4925,95,135,images/vertical/mask/22df54d6.jpg,images/horizontal/mask/f9adcd8b.jpg,images/vertical/rgb/22df54d6.jpg,images/horizontal/rgb/f9adcd8b.jpg,images/vertical/depth/22df54d6.jpg,images/horizontal/depth/f9adcd8b.jpg
11117,119,215,4821,95,119,images/vertical/mask/76be56ac.jpg,images/horizontal/mask/473dbc80.jpg,images/vertical/rgb/76be56ac.jpg,images/horizontal/rgb/473dbc80.jpg,images/vertical/depth/76be56ac.jpg,images/horizontal/depth/473dbc80.jpg
10147,143,167,5101,111,95,images/vertical/mask/92781801.jpg,images/horizontal/mask/14cc915f.jpg,images/vertical/rgb/92781801.jpg,images/horizontal/rgb/14cc915f.jpg,images/vertical/depth/92781801.jpg,images/horizontal/depth/14cc915f.jpg
5012,79,111,4238,87,79,images/vertical/mask/a3ef5edd.jpg,images/horizontal/mask/4f92dd5c.jpg,images/vertical/rgb/a3ef5edd.jpg,images/horizontal/rgb/4f92dd5c.jpg,images/vertical/depth/a3ef5edd.jpg,images/horizontal/depth/4f92dd5c.jpg
10669,143,151,5052,111,71,images/vertical/mask/46dc4583.jpg,images/horizontal/mask/cbba061e.jpg,images/vertical/rgb/46dc4583.jpg,images/horizontal/rgb/cbba061e.jpg,images/vertical/depth/46dc4583.jpg,images/horizontal/depth/cbba061e.jpg
11110,103,231,4952,103,125,images/vertical/mask/33d94f8d.jpg,images/horizontal/mask/6bcba0d5.jpg,images/vertical/rgb/33d94f8d.jpg,images/horizontal/rgb/6bcba0d5.jpg,images/vertical/depth/33d94f8d.jpg,images/horizontal/depth/6bcba0d5.jpg
4778,167,63,4111,95,63,images/vertical/mask/d5074df0.jpg,images/horizontal/mask/c3b2c34a.jpg,images/vertical/rgb/d5074df0.jpg,images/horizontal/rgb/c3b2c34a.jpg,images/vertical/depth/d5074df0.jpg,images/horizontal/depth/c3b2c34a.jpg
11662,127,215,5381,119,119,images/vertical/mask/424264b6.jpg,images/horizontal/mask/440c7c79.jpg,images/vertical/rgb/424264b6.jpg,images/horizontal/rgb/440c7c79.jpg,images/vertical/depth/424264b6.jpg,images/horizontal/depth/440c7c79.jpg
5808,79,119,4146,103,71,images/vertical/mask/88b65c5a.jpg,images/horizontal/mask/912da17b.jpg,images/vertical/rgb/88b65c5a.jpg,images/horizontal/rgb/912da17b.jpg,images/vertical/depth/88b65c5a.jpg,images/horizontal/depth/912da17b.jpg
5235,103,111,4355,103,71,images/vertical/mask/fdb8d6d4.jpg,images/horizontal/mask/63ca8c34.jpg,images/vertical/rgb/fdb8d6d4.jpg,images/horizontal/rgb/63ca8c34.jpg,images/vertical/depth/fdb8d6d4.jpg,images/horizontal/depth/63ca8c34.jpg
12471,135,231,4702,103,119,images/vertical/mask/c379425e.jpg,images/horizontal/mask/02eab88a.jpg,images/vertical/rgb/c379425e.jpg,images/horizontal/rgb/02eab88a.jpg,images/vertical/depth/c379425e.jpg,images/horizontal/depth/02eab88a.jpg
9708,103,175,4735,111,95,images/vertical/mask/6ea9de82.jpg,images/horizontal/mask/c06fc15a.jpg,images/vertical/rgb/6ea9de82.jpg,images/horizontal/rgb/c06fc15a.jpg,images/vertical/depth/6ea9de82.jpg,images/horizontal/depth/c06fc15a.jpg
6904,103,119,4042,87,71,images/vertical/mask/9c091119.jpg,images/horizontal/mask/dbd95399.jpg,images/vertical/rgb/9c091119.jpg,images/horizontal/rgb/dbd95399.jpg,images/vertical/depth/9c091119.jpg,images/horizontal/depth/dbd95399.jpg
2130,39,63,2750,79,47,images/vertical/mask/7d6316c5.jpg,images/horizontal/mask/ee8c5330.jpg,images/vertical/rgb/7d6316c5.jpg,images/horizontal/rgb/ee8c5330.jpg,images/vertical/depth/7d6316c5.jpg,images/horizontal/depth/ee8c5330.jpg
5543,71,119,3921,87,94,images/vertical/mask/c29faa90.jpg,images/horizontal/mask/40ac8a84.jpg,images/vertical/rgb/c29faa90.jpg,images/horizontal/rgb/40ac8a84.jpg,images/vertical/depth/c29faa90.jpg,images/horizontal/depth/40ac8a84.jpg
17848,159,263,5833,111,143,images/vertical/mask/89711aa8.jpg,images/horizontal/mask/69780ea5.jpg,images/vertical/rgb/89711aa8.jpg,images/horizontal/rgb/69780ea5.jpg,images/vertical/depth/89711aa8.jpg,images/horizontal/depth/69780ea5.jpg
14485,119,239,5715,111,126,images/vertical/mask/0bea3c40.jpg,images/horizontal/mask/a01a4cf2.jpg,images/vertical/rgb/0bea3c40.jpg,images/horizontal/rgb/a01a4cf2.jpg,images/vertical/depth/0bea3c40.jpg,images/horizontal/depth/a01a4cf2.jpg
10478,135,151,4572,95,95,images/vertical/mask/6af037d8.jpg,images/horizontal/mask/9d336814.jpg,images/vertical/rgb/6af037d8.jpg,images/horizontal/rgb/9d336814.jpg,images/vertical/depth/6af037d8.jpg,images/horizontal/depth/9d336814.jpg
11015,143,183,4545,103,102,images/vertical/mask/aa4872ee.jpg,images/horizontal/mask/d3b25d50.jpg,images/vertical/rgb/aa4872ee.jpg,images/horizontal/rgb/d3b25d50.jpg,images/vertical/depth/aa4872ee.jpg,images/horizontal/depth/d3b25d50.jpg
16886,167,303,4919,111,159,images/vertical/mask/a4904cf4.jpg,images/horizontal/mask/aafacced.jpg,images/vertical/rgb/a4904cf4.jpg,images/horizontal/rgb/aafacced.jpg,images/vertical/depth/a4904cf4.jpg,images/horizontal/depth/aafacced.jpg
16531,159,295,6038,111,175,images/vertical/mask/2b3e9e15.jpg,images/horizontal/mask/793e8d99.jpg,images/vertical/rgb/2b3e9e15.jpg,images/horizontal/rgb/793e8d99.jpg,images/vertical/depth/2b3e9e15.jpg,images/horizontal/depth/793e8d99.jpg
21777,191,343,7274,135,199,images/vertical/mask/080127db.jpg,images/horizontal/mask/4928871f.jpg,images/vertical/rgb/080127db.jpg,images/horizontal/rgb/4928871f.jpg,images/vertical/depth/080127db.jpg,images/horizontal/depth/4928871f.jpg
11927,135,207,5249,127,111,images/vertical/mask/c43a5689.jpg,images/horizontal/mask/a8045536.jpg,images/vertical/rgb/c43a5689.jpg,images/horizontal/rgb/a8045536.jpg,images/vertical/depth/c43a5689.jpg,images/horizontal/depth/a8045536.jpg
11433,111,159,4953,119,87,images/vertical/mask/1bc3e475.jpg,images/horizontal/mask/edfb078d.jpg,images/vertical/rgb/1bc3e475.jpg,images/horizontal/rgb/edfb078d.jpg,images/vertical/depth/1bc3e475.jpg,images/horizontal/depth/edfb078d.jpg
14637,143,183,4706,127,103,images/vertical/mask/5c6327a8.jpg,images/horizontal/mask/064c1c83.jpg,images/vertical/rgb/5c6327a8.jpg,images/horizontal/rgb/064c1c83.jpg,images/vertical/depth/5c6327a8.jpg,images/horizontal/depth/064c1c83.jpg
13642,134,231,4429,95,127,images/vertical/mask/e099dfc0.jpg,images/horizontal/mask/55137261.jpg,images/vertical/rgb/e099dfc0.jpg,images/horizontal/rgb/55137261.jpg,images/vertical/depth/e099dfc0.jpg,images/horizontal/depth/55137261.jpg
25416,231,351,7306,143,191,images/vertical/mask/1447b560.jpg,images/horizontal/mask/ca5884ec.jpg,images/vertical/rgb/1447b560.jpg,images/horizontal/rgb/ca5884ec.jpg,images/vertical/depth/1447b560.jpg,images/horizontal/depth/ca5884ec.jpg
21850,151,295,6725,119,165,images/vertical/mask/2319114d.jpg,images/horizontal/mask/5e559c78.jpg,images/vertical/rgb/2319114d.jpg,images/horizontal/rgb/5e559c78.jpg,images/vertical/depth/2319114d.jpg,images/horizontal/depth/5e559c78.jpg
19120,135,295,6538,119,159,images/vertical/mask/b0c7af1d.jpg,images/horizontal/mask/3b6a13e5.jpg,images/vertical/rgb/b0c7af1d.jpg,images/horizontal/rgb/3b6a13e5.jpg,images/vertical/depth/b0c7af1d.jpg,images/horizontal/depth/3b6a13e5.jpg
24398,207,359,7392,127,199,images/vertical/mask/bd107787.jpg,images/horizontal/mask/c673f66f.jpg,images/vertical/rgb/bd107787.jpg,images/horizontal/rgb/c673f66f.jpg,images/vertical/depth/bd107787.jpg,images/horizontal/depth/c673f66f.jpg
21312,199,303,6713,127,181,images/vertical/mask/99432d15.jpg,images/horizontal/mask/13077317.jpg,images/vertical/rgb/99432d15.jpg,images/horizontal/rgb/13077317.jpg,images/vertical/depth/99432d15.jpg,images/horizontal/depth/13077317.jpg
16758,183,319,5673,111,175,images/vertical/mask/42bbdbee.jpg,images/horizontal/mask/4ffca848.jpg,images/vertical/rgb/42bbdbee.jpg,images/horizontal/rgb/4ffca848.jpg,images/vertical/depth/42bbdbee.jpg,images/horizontal/depth/4ffca848.jpg
18558,167,287,6797,143,150,images/vertical/mask/ea44bf78.jpg,images/horizontal/mask/3b35110f.jpg,images/vertical/rgb/ea44bf78.jpg,images/horizontal/rgb/3b35110f.jpg,images/vertical/depth/ea44bf78.jpg,images/horizontal/depth/3b35110f.jpg
10148,127,199,3802,95,111,images/vertical/mask/1576a03e.jpg,images/horizontal/mask/eda7a197.jpg,images/vertical/rgb/1576a03e.jpg,images/horizontal/rgb/eda7a197.jpg,images/vertical/depth/1576a03e.jpg,images/horizontal/depth/eda7a197.jpg
18541,191,239,5247,111,126,images/vertical/mask/bcda143c.jpg,images/horizontal/mask/47588afa.jpg,images/vertical/rgb/bcda143c.jpg,images/horizontal/rgb/47588afa.jpg,images/vertical/depth/bcda143c.jpg,images/horizontal/depth/47588afa.jpg
18689,175,271,6247,126,143,images/vertical/mask/c8877f5b.jpg,images/horizontal/mask/16bc85f4.jpg,images/vertical/rgb/c8877f5b.jpg,images/horizontal/rgb/16bc85f4.jpg,images/vertical/depth/c8877f5b.jpg,images/horizontal/depth/16bc85f4.jpg
10719,142,207,3847,79,119,images/vertical/mask/4dbb5928.jpg,images/horizontal/mask/3f2ea2bd.jpg,images/vertical/rgb/4dbb5928.jpg,images/horizontal/rgb/3f2ea2bd.jpg,images/vertical/depth/4dbb5928.jpg,images/horizontal/depth/3f2ea2bd.jpg
19851,159,271,5908,103,143,images/vertical/mask/6bd75408.jpg,images/horizontal/mask/835c84ac.jpg,images/vertical/rgb/6bd75408.jpg,images/horizontal/rgb/835c84ac.jpg,images/vertical/depth/6bd75408.jpg,images/horizontal/depth/835c84ac.jpg
20430,231,247,5237,111,111,images/vertical/mask/525501e8.jpg,images/horizontal/mask/663418b4.jpg,images/vertical/rgb/525501e8.jpg,images/horizontal/rgb/663418b4.jpg,images/vertical/depth/525501e8.jpg,images/horizontal/depth/663418b4.jpg
19937,167,271,5936,119,143,images/vertical/mask/d7299fff.jpg,images/horizontal/mask/accd9bf6.jpg,images/vertical/rgb/d7299fff.jpg,images/horizontal/rgb/accd9bf6.jpg,images/vertical/depth/d7299fff.jpg,images/horizontal/depth/accd9bf6.jpg
14093,151,223,5459,111,127,images/vertical/mask/a210099e.jpg,images/horizontal/mask/3c1db532.jpg,images/vertical/rgb/a210099e.jpg,images/horizontal/rgb/3c1db532.jpg,images/vertical/depth/a210099e.jpg,images/horizontal/depth/3c1db532.jpg
18674,151,295,6414,127,174,images/vertical/mask/8a80ae24.jpg,images/horizontal/mask/10b0ae17.jpg,images/vertical/rgb/8a80ae24.jpg,images/horizontal/rgb/10b0ae17.jpg,images/vertical/depth/8a80ae24.jpg,images/horizontal/depth/10b0ae17.jpg
9784,127,183,3815,87,103,images/vertical/mask/be368a2d.jpg,images/horizontal/mask/8bbfcd28.jpg,images/vertical/rgb/be368a2d.jpg,images/horizontal/rgb/8bbfcd28.jpg,images/vertical/depth/be368a2d.jpg,images/horizontal/depth/8bbfcd28.jpg
15731,159,263,5386,111,143,images/vertical/mask/1eab5cdc.jpg,images/horizontal/mask/c58e11ca.jpg,images/vertical/rgb/1eab5cdc.jpg,images/horizontal/rgb/c58e11ca.jpg,images/vertical/depth/1eab5cdc.jpg,images/horizontal/depth/c58e11ca.jpg
23863,191,327,6933,143,151,images/vertical/mask/0809bdd8.jpg,images/horizontal/mask/8f8b2bf3.jpg,images/vertical/rgb/0809bdd8.jpg,images/horizontal/rgb/8f8b2bf3.jpg,images/vertical/depth/0809bdd8.jpg,images/horizontal/depth/8f8b2bf3.jpg
15771,151,319,5413,103,175,images/vertical/mask/e299073d.jpg,images/horizontal/mask/236641e8.jpg,images/vertical/rgb/e299073d.jpg,images/horizontal/rgb/236641e8.jpg,images/vertical/depth/e299073d.jpg,images/horizontal/depth/236641e8.jpg
17176,151,263,5385,119,142,images/vertical/mask/3d0ca01a.jpg,images/horizontal/mask/c36c866d.jpg,images/vertical/rgb/3d0ca01a.jpg,images/horizontal/rgb/c36c866d.jpg,images/vertical/depth/3d0ca01a.jpg,images/horizontal/depth/c36c866d.jpg
16384,174,223,5912,111,126,images/vertical/mask/897dd005.jpg,images/horizontal/mask/0cc1b0ff.jpg,images/vertical/rgb/897dd005.jpg,images/horizontal/rgb/0cc1b0ff.jpg,images/vertical/depth/897dd005.jpg,images/horizontal/depth/0cc1b0ff.jpg
25082,239,295,7857,127,151,images/vertical/mask/f291cb2e.jpg,images/horizontal/mask/f6a8ecb9.jpg,images/vertical/rgb/f291cb2e.jpg,images/horizontal/rgb/f6a8ecb9.jpg,images/vertical/depth/f291cb2e.jpg,images/horizontal/depth/f6a8ecb9.jpg
15985,158,279,4689,87,151,images/vertical/mask/ddd1fa5c.jpg,images/horizontal/mask/10b1e9d3.jpg,images/vertical/rgb/ddd1fa5c.jpg,images/horizontal/rgb/10b1e9d3.jpg,images/vertical/depth/ddd1fa5c.jpg,images/horizontal/depth/10b1e9d3.jpg
18394,167,263,5962,111,150,images/vertical/mask/9cf7ab1e.jpg,images/horizontal/mask/fa4d7967.jpg,images/vertical/rgb/9cf7ab1e.jpg,images/horizontal/rgb/fa4d7967.jpg,images/vertical/depth/9cf7ab1e.jpg,images/horizontal/depth/fa4d7967.jpg
14344,207,175,5259,111,95,images/vertical/mask/a8897e11.jpg,images/horizontal/mask/3f4a64ce.jpg,images/vertical/rgb/a8897e11.jpg,images/horizontal/rgb/3f4a64ce.jpg,images/vertical/depth/a8897e11.jpg,images/horizontal/depth/3f4a64ce.jpg
14462,143,255,4936,95,142,images/vertical/mask/fe8e6300.jpg,images/horizontal/mask/b687ba43.jpg,images/vertical/rgb/fe8e6300.jpg,images/horizontal/rgb/b687ba43.jpg,images/vertical/depth/fe8e6300.jpg,images/horizontal/depth/b687ba43.jpg
20770,175,359,5326,103,199,images/vertical/mask/642a356f.jpg,images/horizontal/mask/d1848fd4.jpg,images/vertical/rgb/642a356f.jpg,images/horizontal/rgb/d1848fd4.jpg,images/vertical/depth/642a356f.jpg,images/horizontal/depth/d1848fd4.jpg
14271,151,231,5218,111,115,images/vertical/mask/84e6f3ec.jpg,images/horizontal/mask/90a75298.jpg,images/vertical/rgb/84e6f3ec.jpg,images/horizontal/rgb/90a75298.jpg,images/vertical/depth/84e6f3ec.jpg,images/horizontal/depth/90a75298.jpg
14152,167,207,5148,111,110,images/vertical/mask/438c41ce.jpg,images/horizontal/mask/4ed43226.jpg,images/vertical/rgb/438c41ce.jpg,images/horizontal/rgb/4ed43226.jpg,images/vertical/depth/438c41ce.jpg,images/horizontal/depth/4ed43226.jpg
14999,159,279,6130,111,151,images/vertical/mask/21acfd01.jpg,images/horizontal/mask/95a24ddf.jpg,images/vertical/rgb/21acfd01.jpg,images/horizontal/rgb/95a24ddf.jpg,images/vertical/depth/21acfd01.jpg,images/horizontal/depth/95a24ddf.jpg
8080,119,151,3560,87,86,images/vertical/mask/1b957528.jpg,images/horizontal/mask/303db9e3.jpg,images/vertical/rgb/1b957528.jpg,images/horizontal/rgb/303db9e3.jpg,images/vertical/depth/1b957528.jpg,images/horizontal/depth/303db9e3.jpg
3472,63,127,3561,87,71,images/vertical/mask/77cc1288.jpg,images/horizontal/mask/1531e3b8.jpg,images/vertical/rgb/77cc1288.jpg,images/horizontal/rgb/1531e3b8.jpg,images/vertical/depth/77cc1288.jpg,images/horizontal/depth/1531e3b8.jpg
7193,167,133,4061,95,79,images/vertical/mask/555296e1.jpg,images/horizontal/mask/2b33fdc5.jpg,images/vertical/rgb/555296e1.jpg,images/horizontal/rgb/2b33fdc5.jpg,images/vertical/depth/555296e1.jpg,images/horizontal/depth/2b33fdc5.jpg
4257,71,103,3249,79,71,images/vertical/mask/7848bb1e.jpg,images/horizontal/mask/e98e69ba.jpg,images/vertical/rgb/7848bb1e.jpg,images/horizontal/rgb/e98e69ba.jpg,images/vertical/depth/7848bb1e.jpg,images/horizontal/depth/e98e69ba.jpg
11287,183,167,3549,71,86,images/vertical/mask/7bc1a062.jpg,images/horizontal/mask/736b9cdf.jpg,images/vertical/rgb/7bc1a062.jpg,images/horizontal/rgb/736b9cdf.jpg,images/vertical/depth/7bc1a062.jpg,images/horizontal/depth/736b9cdf.jpg
11950,143,199,3925,79,111,images/vertical/mask/275090b8.jpg,images/horizontal/mask/5822fe64.jpg,images/vertical/rgb/275090b8.jpg,images/horizontal/rgb/5822fe64.jpg,images/vertical/depth/275090b8.jpg,images/horizontal/depth/5822fe64.jpg
9104,127,191,4585,103,111,images/vertical/mask/0d2eaaee.jpg,images/horizontal/mask/dd17803c.jpg,images/vertical/rgb/0d2eaaee.jpg,images/horizontal/rgb/dd17803c.jpg,images/vertical/depth/0d2eaaee.jpg,images/horizontal/depth/dd17803c.jpg
6713,87,157,3743,95,87,images/vertical/mask/84c25ba2.jpg,images/horizontal/mask/8414c181.jpg,images/vertical/rgb/84c25ba2.jpg,images/horizontal/rgb/8414c181.jpg,images/vertical/depth/84c25ba2.jpg,images/horizontal/depth/8414c181.jpg
14739,151,239,4707,103,135,images/vertical/mask/7f800aac.jpg,images/horizontal/mask/7bdb145d.jpg,images/vertical/rgb/7f800aac.jpg,images/horizontal/rgb/7bdb145d.jpg,images/vertical/depth/7f800aac.jpg,images/horizontal/depth/7bdb145d.jpg
20159,199,247,5619,103,143,images/vertical/mask/1e557127.jpg,images/horizontal/mask/e33ead44.jpg,images/vertical/rgb/1e557127.jpg,images/horizontal/rgb/e33ead44.jpg,images/vertical/depth/1e557127.jpg,images/horizontal/depth/e33ead44.jpg
16819,175,255,5597,119,143,images/vertical/mask/554cc9fd.jpg,images/horizontal/mask/2b44f80a.jpg,images/vertical/rgb/554cc9fd.jpg,images/horizontal/rgb/2b44f80a.jpg,images/vertical/depth/554cc9fd.jpg,images/horizontal/depth/2b44f80a.jpg
12896,159,215,4654,119,119,images/vertical/mask/26ef4f62.jpg,images/horizontal/mask/2bd031e4.jpg,images/vertical/rgb/26ef4f62.jpg,images/horizontal/rgb/2bd031e4.jpg,images/vertical/depth/26ef4f62.jpg,images/horizontal/depth/2bd031e4.jpg
13396,111,238,4907,95,126,images/vertical/mask/21b6deb8.jpg,images/horizontal/mask/00bad510.jpg,images/vertical/rgb/21b6deb8.jpg,images/horizontal/rgb/00bad510.jpg,images/vertical/depth/21b6deb8.jpg,images/horizontal/depth/00bad510.jpg
4872,103,102,4118,95,79,images/vertical/mask/88d6c523.jpg,images/horizontal/mask/129ddefc.jpg,images/vertical/rgb/88d6c523.jpg,images/horizontal/rgb/129ddefc.jpg,images/vertical/depth/88d6c523.jpg,images/horizontal/depth/129ddefc.jpg
21762,215,279,5632,103,151,images/vertical/mask/7e787d78.jpg,images/horizontal/mask/519d8a7b.jpg,images/vertical/rgb/7e787d78.jpg,images/horizontal/rgb/519d8a7b.jpg,images/vertical/depth/7e787d78.jpg,images/horizontal/depth/519d8a7b.jpg
14012,159,207,5286,111,143,images/vertical/mask/842100e5.jpg,images/horizontal/mask/c087a6dc.jpg,images/vertical/rgb/842100e5.jpg,images/horizontal/rgb/c087a6dc.jpg,images/vertical/depth/842100e5.jpg,images/horizontal/depth/c087a6dc.jpg
17203,199,215,5902,119,110,images/vertical/mask/65bcde76.jpg,images/horizontal/mask/b494e459.jpg,images/vertical/rgb/65bcde76.jpg,images/horizontal/rgb/b494e459.jpg,images/vertical/depth/65bcde76.jpg,images/horizontal/depth/b494e459.jpg
23445,287,255,6376,119,135,images/vertical/mask/91683751.jpg,images/horizontal/mask/367966f6.jpg,images/vertical/rgb/91683751.jpg,images/horizontal/rgb/367966f6.jpg,images/vertical/depth/91683751.jpg,images/horizontal/depth/367966f6.jpg
10807,134,223,4672,103,126,images/vertical/mask/a279f66d.jpg,images/horizontal/mask/29edada6.jpg,images/vertical/rgb/a279f66d.jpg,images/horizontal/rgb/29edada6.jpg,images/vertical/depth/a279f66d.jpg,images/horizontal/depth/29edada6.jpg
14015,175,255,5247,119,143,images/vertical/mask/1a6e32ee.jpg,images/horizontal/mask/e3b2d06f.jpg,images/vertical/rgb/1a6e32ee.jpg,images/horizontal/rgb/e3b2d06f.jpg,images/vertical/depth/1a6e32ee.jpg,images/horizontal/depth/e3b2d06f.jpg
16474,127,295,4995,111,151,images/vertical/mask/7080ff47.jpg,images/horizontal/mask/f3b85db3.jpg,images/vertical/rgb/7080ff47.jpg,images/horizontal/rgb/f3b85db3.jpg,images/vertical/depth/7080ff47.jpg,images/horizontal/depth/f3b85db3.jpg
21222,239,247,6018,111,135,images/vertical/mask/8a0e2aa0.jpg,images/horizontal/mask/a1d27b45.jpg,images/vertical/rgb/8a0e2aa0.jpg,images/horizontal/rgb/a1d27b45.jpg,images/vertical/depth/8a0e2aa0.jpg,images/horizontal/depth/a1d27b45.jpg
10863,119,175,5278,135,95,images/vertical/mask/b556b11b.jpg,images/horizontal/mask/19ba2038.jpg,images/vertical/rgb/b556b11b.jpg,images/horizontal/rgb/19ba2038.jpg,images/vertical/depth/b556b11b.jpg,images/horizontal/depth/19ba2038.jpg
15730,159,263,4879,95,143,images/vertical/mask/e6b6d257.jpg,images/horizontal/mask/d87fba27.jpg,images/vertical/rgb/e6b6d257.jpg,images/horizontal/rgb/d87fba27.jpg,images/vertical/depth/e6b6d257.jpg,images/horizontal/depth/d87fba27.jpg
14947,159,271,4385,87,158,images/vertical/mask/38eaef6f.jpg,images/horizontal/mask/c0267fa8.jpg,images/vertical/rgb/38eaef6f.jpg,images/horizontal/rgb/c0267fa8.jpg,images/vertical/depth/38eaef6f.jpg,images/horizontal/depth/c0267fa8.jpg
22541,239,269,5897,127,143,images/vertical/mask/388322eb.jpg,images/horizontal/mask/cfef66e7.jpg,images/vertical/rgb/388322eb.jpg,images/horizontal/rgb/cfef66e7.jpg,images/vertical/depth/388322eb.jpg,images/horizontal/depth/cfef66e7.jpg
17054,183,255,5798,103,143,images/vertical/mask/71661d56.jpg,images/horizontal/mask/8cec4745.jpg,images/vertical/rgb/71661d56.jpg,images/horizontal/rgb/8cec4745.jpg,images/vertical/depth/71661d56.jpg,images/horizontal/depth/8cec4745.jpg
23976,231,311,7048,135,166,images/vertical/mask/620e571d.jpg,images/horizontal/mask/a9879228.jpg,images/vertical/rgb/620e571d.jpg,images/horizontal/rgb/a9879228.jpg,images/vertical/depth/620e571d.jpg,images/horizontal/depth/a9879228.jpg
19813,191,295,5467,103,159,images/vertical/mask/8c1e4ac5.jpg,images/horizontal/mask/6cb51510.jpg,images/vertical/rgb/8c1e4ac5.jpg,images/horizontal/rgb/6cb51510.jpg,images/vertical/depth/8c1e4ac5.jpg,images/horizontal/depth/6cb51510.jpg
14481,175,247,4947,103,143,images/vertical/mask/ab3b7087.jpg,images/horizontal/mask/12b70811.jpg,images/vertical/rgb/ab3b7087.jpg,images/horizontal/rgb/12b70811.jpg,images/vertical/depth/ab3b7087.jpg,images/horizontal/depth/12b70811.jpg
6961,119,135,3553,79,78,images/vertical/mask/06ef128a.jpg,images/horizontal/mask/ee484d1c.jpg,images/vertical/rgb/06ef128a.jpg,images/horizontal/rgb/ee484d1c.jpg,images/vertical/depth/06ef128a.jpg,images/horizontal/depth/ee484d1c.jpg
23366,199,335,5572,119,175,images/vertical/mask/0cc0aefc.jpg,images/horizontal/mask/68fe8a96.jpg,images/vertical/rgb/0cc0aefc.jpg,images/horizontal/rgb/68fe8a96.jpg,images/vertical/depth/0cc0aefc.jpg,images/horizontal/depth/68fe8a96.jpg
15136,167,207,5562,111,119,images/vertical/mask/d2e7ad55.jpg,images/horizontal/mask/ac9b3159.jpg,images/vertical/rgb/d2e7ad55.jpg,images/horizontal/rgb/ac9b3159.jpg,images/vertical/depth/d2e7ad55.jpg,images/horizontal/depth/ac9b3159.jpg
15088,151,199,4784,95,111,images/vertical/mask/5dc756f2.jpg,images/horizontal/mask/96059dc3.jpg,images/vertical/rgb/5dc756f2.jpg,images/horizontal/rgb/96059dc3.jpg,images/vertical/depth/5dc756f2.jpg,images/horizontal/depth/96059dc3.jpg
12843,159,207,4707,111,119,images/vertical/mask/e7347b21.jpg,images/horizontal/mask/259eea5a.jpg,images/vertical/rgb/e7347b21.jpg,images/horizontal/rgb/259eea5a.jpg,images/vertical/depth/e7347b21.jpg,images/horizontal/depth/259eea5a.jpg
21397,223,271,7146,119,151,images/vertical/mask/da944adb.jpg,images/horizontal/mask/1a615614.jpg,images/vertical/rgb/da944adb.jpg,images/horizontal/rgb/1a615614.jpg,images/vertical/depth/da944adb.jpg,images/horizontal/depth/1a615614.jpg
20613,223,263,7129,127,151,images/vertical/mask/8e2dcde9.jpg,images/horizontal/mask/b403735e.jpg,images/vertical/rgb/8e2dcde9.jpg,images/horizontal/rgb/b403735e.jpg,images/vertical/depth/8e2dcde9.jpg,images/horizontal/depth/b403735e.jpg
21633,207,263,6460,103,151,images/vertical/mask/50c95925.jpg,images/horizontal/mask/cb5073ae.jpg,images/vertical/rgb/50c95925.jpg,images/horizontal/rgb/cb5073ae.jpg,images/vertical/depth/50c95925.jpg,images/horizontal/depth/cb5073ae.jpg
16217,191,223,7497,111,167,images/vertical/mask/7ee5f7e3.jpg,images/horizontal/mask/d2b43eea.jpg,images/vertical/rgb/7ee5f7e3.jpg,images/horizontal/rgb/d2b43eea.jpg,images/vertical/depth/7ee5f7e3.jpg,images/horizontal/depth/d2b43eea.jpg
10038,119,183,4158,103,103,images/vertical/mask/b43e7323.jpg,images/horizontal/mask/28bee4f4.jpg,images/vertical/rgb/b43e7323.jpg,images/horizontal/rgb/28bee4f4.jpg,images/vertical/depth/b43e7323.jpg,images/horizontal/depth/28bee4f4.jpg
14712,175,231,4689,103,124,images/vertical/mask/837cf185.jpg,images/horizontal/mask/56572707.jpg,images/vertical/rgb/837cf185.jpg,images/horizontal/rgb/56572707.jpg,images/vertical/depth/837cf185.jpg,images/horizontal/depth/56572707.jpg
10743,103,263,5207,103,143,images/vertical/mask/114067ad.jpg,images/horizontal/mask/822cef50.jpg,images/vertical/rgb/114067ad.jpg,images/horizontal/rgb/822cef50.jpg,images/vertical/depth/114067ad.jpg,images/horizontal/depth/822cef50.jpg
17435,183,230,5890,111,143,images/vertical/mask/cf858018.jpg,images/horizontal/mask/90c56e46.jpg,images/vertical/rgb/cf858018.jpg,images/horizontal/rgb/90c56e46.jpg,images/vertical/depth/cf858018.jpg,images/horizontal/depth/90c56e46.jpg
16635,149,247,6622,111,143,images/vertical/mask/ae0c2d8e.jpg,images/horizontal/mask/651d7de0.jpg,images/vertical/rgb/ae0c2d8e.jpg,images/horizontal/rgb/651d7de0.jpg,images/vertical/depth/ae0c2d8e.jpg,images/horizontal/depth/651d7de0.jpg
18634,223,207,5604,103,111,images/vertical/mask/97ce2ac7.jpg,images/horizontal/mask/cc53311d.jpg,images/vertical/rgb/97ce2ac7.jpg,images/horizontal/rgb/cc53311d.jpg,images/vertical/depth/97ce2ac7.jpg,images/horizontal/depth/cc53311d.jpg
11695,143,215,4591,103,119,images/vertical/mask/30120a5f.jpg,images/horizontal/mask/1141c6bb.jpg,images/vertical/rgb/30120a5f.jpg,images/horizontal/rgb/1141c6bb.jpg,images/vertical/depth/30120a5f.jpg,images/horizontal/depth/1141c6bb.jpg
18519,175,247,6716,119,135,images/vertical/mask/bb933098.jpg,images/horizontal/mask/7f33bc50.jpg,images/vertical/rgb/bb933098.jpg,images/horizontal/rgb/7f33bc50.jpg,images/vertical/depth/bb933098.jpg,images/horizontal/depth/7f33bc50.jpg
16011,175,238,5849,111,135,images/vertical/mask/7f15f6d6.jpg,images/horizontal/mask/6c09c848.jpg,images/vertical/rgb/7f15f6d6.jpg,images/horizontal/rgb/6c09c848.jpg,images/vertical/depth/7f15f6d6.jpg,images/horizontal/depth/6c09c848.jpg
11756,199,199,5312,103,111,images/vertical/mask/d57237a4.jpg,images/horizontal/mask/24d3643b.jpg,images/vertical/rgb/d57237a4.jpg,images/horizontal/rgb/24d3643b.jpg,images/vertical/depth/d57237a4.jpg,images/horizontal/depth/24d3643b.jpg
12299,151,191,5101,111,111,images/vertical/mask/2e8197f5.jpg,images/horizontal/mask/ff09d156.jpg,images/vertical/rgb/2e8197f5.jpg,images/horizontal/rgb/ff09d156.jpg,images/vertical/depth/2e8197f5.jpg,images/horizontal/depth/ff09d156.jpg
7533,127,135,4619,95,103,images/vertical/mask/65cc0dab.jpg,images/horizontal/mask/bb5dfbfc.jpg,images/vertical/rgb/65cc0dab.jpg,images/horizontal/rgb/bb5dfbfc.jpg,images/vertical/depth/65cc0dab.jpg,images/horizontal/depth/bb5dfbfc.jpg
12381,183,175,5347,111,103,images/vertical/mask/96949025.jpg,images/horizontal/mask/82a1e147.jpg,images/vertical/rgb/96949025.jpg,images/horizontal/rgb/82a1e147.jpg,images/vertical/depth/96949025.jpg,images/horizontal/depth/82a1e147.jpg
12244,135,239,6918,127,135,images/vertical/mask/1dd5e479.jpg,images/horizontal/mask/4146f450.jpg,images/vertical/rgb/1dd5e479.jpg,images/horizontal/rgb/4146f450.jpg,images/vertical/depth/1dd5e479.jpg,images/horizontal/depth/4146f450.jpg
15625,151,207,4557,103,111,images/vertical/mask/88bede9c.jpg,images/horizontal/mask/a4f8ecea.jpg,images/vertical/rgb/88bede9c.jpg,images/horizontal/rgb/a4f8ecea.jpg,images/vertical/depth/88bede9c.jpg,images/horizontal/depth/a4f8ecea.jpg
15028,143,207,6085,111,119,images/vertical/mask/bbe76b49.jpg,images/horizontal/mask/731ecbf5.jpg,images/vertical/rgb/bbe76b49.jpg,images/horizontal/rgb/731ecbf5.jpg,images/vertical/depth/bbe76b49.jpg,images/horizontal/depth/731ecbf5.jpg
9099,127,151,4624,103,86,images/vertical/mask/bc797f32.jpg,images/horizontal/mask/85e0a522.jpg,images/vertical/rgb/bc797f32.jpg,images/horizontal/rgb/85e0a522.jpg,images/vertical/depth/bc797f32.jpg,images/horizontal/depth/85e0a522.jpg
7503,127,151,3662,87,77,images/vertical/mask/1ad9bdf7.jpg,images/horizontal/mask/d756425e.jpg,images/vertical/rgb/1ad9bdf7.jpg,images/horizontal/rgb/d756425e.jpg,images/vertical/depth/1ad9bdf7.jpg,images/horizontal/depth/d756425e.jpg
14789,151,223,5900,111,127,images/vertical/mask/6e676fcb.jpg,images/horizontal/mask/e5e92eeb.jpg,images/vertical/rgb/6e676fcb.jpg,images/horizontal/rgb/e5e92eeb.jpg,images/vertical/depth/6e676fcb.jpg,images/horizontal/depth/e5e92eeb.jpg
17307,159,247,5977,103,127,images/vertical/mask/f754c871.jpg,images/horizontal/mask/74dc1980.jpg,images/vertical/rgb/f754c871.jpg,images/horizontal/rgb/74dc1980.jpg,images/vertical/depth/f754c871.jpg,images/horizontal/depth/74dc1980.jpg
13741,175,199,5168,103,111,images/vertical/mask/6ee2cadd.jpg,images/horizontal/mask/40751a79.jpg,images/vertical/rgb/6ee2cadd.jpg,images/horizontal/rgb/40751a79.jpg,images/vertical/depth/6ee2cadd.jpg,images/horizontal/depth/40751a79.jpg
11443,159,143,5309,111,71,images/vertical/mask/dd15b77c.jpg,images/horizontal/mask/cd18c1b5.jpg,images/vertical/rgb/dd15b77c.jpg,images/horizontal/rgb/cd18c1b5.jpg,images/vertical/depth/dd15b77c.jpg,images/horizontal/depth/cd18c1b5.jpg
16776,183,207,7285,151,103,images/vertical/mask/842bfcfa.jpg,images/horizontal/mask/2d9a089e.jpg,images/vertical/rgb/842bfcfa.jpg,images/horizontal/rgb/2d9a089e.jpg,images/vertical/depth/842bfcfa.jpg,images/horizontal/depth/2d9a089e.jpg
12693,167,143,5413,119,71,images/vertical/mask/d9a06d2d.jpg,images/horizontal/mask/2a8d18bc.jpg,images/vertical/rgb/d9a06d2d.jpg,images/horizontal/rgb/2a8d18bc.jpg,images/vertical/depth/d9a06d2d.jpg,images/horizontal/depth/2a8d18bc.jpg
7724,127,119,5044,143,63,images/vertical/mask/dd9e47ea.jpg,images/horizontal/mask/278df7fb.jpg,images/vertical/rgb/dd9e47ea.jpg,images/horizontal/rgb/278df7fb.jpg,images/vertical/depth/dd9e47ea.jpg,images/horizontal/depth/278df7fb.jpg
11401,143,191,5683,135,95,images/vertical/mask/d853ea2b.jpg,images/horizontal/mask/66c21972.jpg,images/vertical/rgb/d853ea2b.jpg,images/horizontal/rgb/66c21972.jpg,images/vertical/depth/d853ea2b.jpg,images/horizontal/depth/66c21972.jpg
9227,158,95,4518,111,63,images/vertical/mask/cc1ec283.jpg,images/horizontal/mask/5f7a65ab.jpg,images/vertical/rgb/cc1ec283.jpg,images/horizontal/rgb/5f7a65ab.jpg,images/vertical/depth/cc1ec283.jpg,images/horizontal/depth/5f7a65ab.jpg
6798,103,95,5122,119,79,images/vertical/mask/a7e71a1a.jpg,images/horizontal/mask/0aac6408.jpg,images/vertical/rgb/a7e71a1a.jpg,images/horizontal/rgb/0aac6408.jpg,images/vertical/depth/a7e71a1a.jpg,images/horizontal/depth/0aac6408.jpg
9900,119,135,5472,151,71,images/vertical/mask/1179e4d3.jpg,images/horizontal/mask/41df943d.jpg,images/vertical/rgb/1179e4d3.jpg,images/horizontal/rgb/41df943d.jpg,images/vertical/depth/1179e4d3.jpg,images/horizontal/depth/41df943d.jpg
17946,199,215,6203,127,117,images/vertical/mask/a31a1c30.jpg,images/horizontal/mask/b9ecceee.jpg,images/vertical/rgb/a31a1c30.jpg,images/horizontal/rgb/b9ecceee.jpg,images/vertical/depth/a31a1c30.jpg,images/horizontal/depth/b9ecceee.jpg
12032,159,143,6214,143,79,images/vertical/mask/ec472e8a.jpg,images/horizontal/mask/1db75102.jpg,images/vertical/rgb/ec472e8a.jpg,images/horizontal/rgb/1db75102.jpg,images/vertical/depth/ec472e8a.jpg,images/horizontal/depth/1db75102.jpg
8659,119,167,5214,127,79,images/vertical/mask/75ce08cf.jpg,images/horizontal/mask/6ebc5728.jpg,images/vertical/rgb/75ce08cf.jpg,images/horizontal/rgb/6ebc5728.jpg,images/vertical/depth/75ce08cf.jpg,images/horizontal/depth/6ebc5728.jpg
8143,127,103,6104,143,63,images/vertical/mask/0d364baf.jpg,images/horizontal/mask/b8f981ed.jpg,images/vertical/rgb/0d364baf.jpg,images/horizontal/rgb/b8f981ed.jpg,images/vertical/depth/0d364baf.jpg,images/horizontal/depth/b8f981ed.jpg
9856,167,127,5385,127,71,images/vertical/mask/d417fa2b.jpg,images/horizontal/mask/f3d7d141.jpg,images/vertical/rgb/d417fa2b.jpg,images/horizontal/rgb/f3d7d141.jpg,images/vertical/depth/d417fa2b.jpg,images/horizontal/depth/f3d7d141.jpg
16689,183,159,5567,135,79,images/vertical/mask/20280767.jpg,images/horizontal/mask/a7965349.jpg,images/vertical/rgb/20280767.jpg,images/horizontal/rgb/a7965349.jpg,images/vertical/depth/20280767.jpg,images/horizontal/depth/a7965349.jpg
20573,223,215,6657,135,111,images/vertical/mask/980c4fc2.jpg,images/horizontal/mask/cfa97082.jpg,images/vertical/rgb/980c4fc2.jpg,images/horizontal/rgb/cfa97082.jpg,images/vertical/depth/980c4fc2.jpg,images/horizontal/depth/cfa97082.jpg
4661,87,87,3921,111,55,images/vertical/mask/67c5f4f9.jpg,images/horizontal/mask/f65fa5c9.jpg,images/vertical/rgb/67c5f4f9.jpg,images/horizontal/rgb/f65fa5c9.jpg,images/vertical/depth/67c5f4f9.jpg,images/horizontal/depth/f65fa5c9.jpg
9641,119,119,5261,135,62,images/vertical/mask/0e1cb094.jpg,images/horizontal/mask/f4ecfe88.jpg,images/vertical/rgb/0e1cb094.jpg,images/horizontal/rgb/f4ecfe88.jpg,images/vertical/depth/0e1cb094.jpg,images/horizontal/depth/f4ecfe88.jpg
6220,135,63,5719,151,63,images/vertical/mask/8303b526.jpg,images/horizontal/mask/37d65bcc.jpg,images/vertical/rgb/8303b526.jpg,images/horizontal/rgb/37d65bcc.jpg,images/vertical/depth/8303b526.jpg,images/horizontal/depth/37d65bcc.jpg
8264,127,151,4210,103,71,images/vertical/mask/28b94cec.jpg,images/horizontal/mask/0e4dde31.jpg,images/vertical/rgb/28b94cec.jpg,images/horizontal/rgb/0e4dde31.jpg,images/vertical/depth/28b94cec.jpg,images/horizontal/depth/0e4dde31.jpg
11932,199,111,5978,143,71,images/vertical/mask/c6635008.jpg,images/horizontal/mask/4f255b0c.jpg,images/vertical/rgb/c6635008.jpg,images/horizontal/rgb/4f255b0c.jpg,images/vertical/depth/c6635008.jpg,images/horizontal/depth/4f255b0c.jpg
15903,199,151,5839,127,71,images/vertical/mask/10cf199f.jpg,images/horizontal/mask/315977dd.jpg,images/vertical/rgb/10cf199f.jpg,images/horizontal/rgb/315977dd.jpg,images/vertical/depth/10cf199f.jpg,images/horizontal/depth/315977dd.jpg
15250,111,247,5727,135,127,images/vertical/mask/ff18acae.jpg,images/horizontal/mask/034c3595.jpg,images/vertical/rgb/ff18acae.jpg,images/horizontal/rgb/034c3595.jpg,images/vertical/depth/ff18acae.jpg,images/horizontal/depth/034c3595.jpg
19414,231,223,5759,135,111,images/vertical/mask/618654aa.jpg,images/horizontal/mask/057369f3.jpg,images/vertical/rgb/618654aa.jpg,images/horizontal/rgb/057369f3.jpg,images/vertical/depth/618654aa.jpg,images/horizontal/depth/057369f3.jpg
14266,207,167,5321,111,87,images/vertical/mask/d702ac85.jpg,images/horizontal/mask/3a4b81dd.jpg,images/vertical/rgb/d702ac85.jpg,images/horizontal/rgb/3a4b81dd.jpg,images/vertical/depth/d702ac85.jpg,images/horizontal/depth/3a4b81dd.jpg
8984,111,127,5099,127,71,images/vertical/mask/5e8aedb0.jpg,images/horizontal/mask/21a4ba35.jpg,images/vertical/rgb/5e8aedb0.jpg,images/horizontal/rgb/21a4ba35.jpg,images/vertical/depth/5e8aedb0.jpg,images/horizontal/depth/21a4ba35.jpg
13212,167,159,5847,143,87,images/vertical/mask/8f0c16ae.jpg,images/horizontal/mask/8aa5dae0.jpg,images/vertical/rgb/8f0c16ae.jpg,images/horizontal/rgb/8aa5dae0.jpg,images/vertical/depth/8f0c16ae.jpg,images/horizontal/depth/8aa5dae0.jpg
9254,119,127,4777,151,63,images/vertical/mask/7bfceca5.jpg,images/horizontal/mask/9d9f12a4.jpg,images/vertical/rgb/7bfceca5.jpg,images/horizontal/rgb/9d9f12a4.jpg,images/vertical/depth/7bfceca5.jpg,images/horizontal/depth/9d9f12a4.jpg
10551,182,111,4645,111,63,images/vertical/mask/fe67b741.jpg,images/horizontal/mask/37ddeb8f.jpg,images/vertical/rgb/fe67b741.jpg,images/horizontal/rgb/37ddeb8f.jpg,images/vertical/depth/fe67b741.jpg,images/horizontal/depth/37ddeb8f.jpg
8066,143,87,5025,135,55,images/vertical/mask/44ee4abe.jpg,images/horizontal/mask/317d5e9c.jpg,images/vertical/rgb/44ee4abe.jpg,images/horizontal/rgb/317d5e9c.jpg,images/vertical/depth/44ee4abe.jpg,images/horizontal/depth/317d5e9c.jpg
8263,175,87,5830,151,55,images/vertical/mask/7b61e0e6.jpg,images/horizontal/mask/22def731.jpg,images/vertical/rgb/7b61e0e6.jpg,images/horizontal/rgb/22def731.jpg,images/vertical/depth/7b61e0e6.jpg,images/horizontal/depth/22def731.jpg
11455,215,87,4980,135,71,images/vertical/mask/a35612b6.jpg,images/horizontal/mask/38efa014.jpg,images/vertical/rgb/a35612b6.jpg,images/horizontal/rgb/38efa014.jpg,images/vertical/depth/a35612b6.jpg,images/horizontal/depth/38efa014.jpg
10984,135,167,4569,111,87,images/vertical/mask/d1bc82ea.jpg,images/horizontal/mask/2db34fe7.jpg,images/vertical/rgb/d1bc82ea.jpg,images/horizontal/rgb/2db34fe7.jpg,images/vertical/depth/d1bc82ea.jpg,images/horizontal/depth/2db34fe7.jpg
5681,111,87,3358,87,55,images/vertical/mask/45118ea8.jpg,images/horizontal/mask/f8197a0a.jpg,images/vertical/rgb/45118ea8.jpg,images/horizontal/rgb/f8197a0a.jpg,images/vertical/depth/45118ea8.jpg,images/horizontal/depth/f8197a0a.jpg
10404,159,119,4300,103,63,images/vertical/mask/d3efbf15.jpg,images/horizontal/mask/49b9b447.jpg,images/vertical/rgb/d3efbf15.jpg,images/horizontal/rgb/49b9b447.jpg,images/vertical/depth/d3efbf15.jpg,images/horizontal/depth/49b9b447.jpg
13690,159,231,5605,111,119,images/vertical/mask/35bf6f7d.jpg,images/horizontal/mask/ddc7cda0.jpg,images/vertical/rgb/35bf6f7d.jpg,images/horizontal/rgb/ddc7cda0.jpg,images/vertical/depth/35bf6f7d.jpg,images/horizontal/depth/ddc7cda0.jpg
7286,103,135,3894,95,71,images/vertical/mask/917a8a0b.jpg,images/horizontal/mask/39d6d065.jpg,images/vertical/rgb/917a8a0b.jpg,images/horizontal/rgb/39d6d065.jpg,images/vertical/depth/917a8a0b.jpg,images/horizontal/depth/39d6d065.jpg
3035,63,87,3724,95,63,images/vertical/mask/bf034355.jpg,images/horizontal/mask/cffdb272.jpg,images/vertical/rgb/bf034355.jpg,images/horizontal/rgb/cffdb272.jpg,images/vertical/depth/bf034355.jpg,images/horizontal/depth/cffdb272.jpg
7009,119,158,4262,111,87,images/vertical/mask/b535f860.jpg,images/horizontal/mask/e3f9a74b.jpg,images/vertical/rgb/b535f860.jpg,images/horizontal/rgb/e3f9a74b.jpg,images/vertical/depth/b535f860.jpg,images/horizontal/depth/e3f9a74b.jpg
