horizontal_area,vertical_area,horizontal_height,vertical_height,horizontal_width,vertical_width,horizontal_mask_path,vertical_mask_path,horizontal_rgb_path,vertical_rgb_path,horizontal_depth_path,vertical_depth_path
5309,11443,111,159,71,143,/home/pqbas/projects/LABINM_Robotics_Automation/SeedlingsNet/classifiers/data/data/raw/31_03_23/horizontal/mask/seedlings_mask_1_4.jpg,/home/pqbas/projects/LABINM_Robotics_Automation/SeedlingsNet/classifiers/data/data/raw/31_03_23/vertical/mask/seedlings_mask_1_4.jpg,/home/pqbas/projects/LABINM_Robotics_Automation/SeedlingsNet/classifiers/data/data/raw/31_03_23/horizontal/rgb/seedlings_1_4.jpg,/home/pqbas/projects/LABINM_Robotics_Automation/SeedlingsNet/classifiers/data/data/raw/31_03_23/vertical/rgb/seedlings_1_4.jpg,/home/pqbas/projects/LABINM_Robotics_Automation/SeedlingsNet/classifiers/data/data/raw/31_03_23/horizontal/depth/seedlings_1_4.jpg,/home/pqbas/projects/LABINM_Robotics_Automation/SeedlingsNet/classifiers/data/data/raw/31_03_23/vertical/depth/seedlings_1_4.jpg
7285,16776,151,183,103,207,/home/pqbas/projects/LABINM_Robotics_Automation/SeedlingsNet/classifiers/data/data/raw/31_03_23/horizontal/mask/seedlings_mask_1_5.jpg,/home/pqbas/projects/LABINM_Robotics_Automation/SeedlingsNet/classifiers/data/data/raw/31_03_23/vertical/mask/seedlings_mask_1_5.jpg,/home/pqbas/projects/LABINM_Robotics_Automation/SeedlingsNet/classifiers/data/data/raw/31_03_23/horizontal/rgb/seedlings_1_5.jpg,/home/pqbas/projects/LABINM_Robotics_Automation/SeedlingsNet/classifiers/data/data/raw/31_03_23/vertical/rgb/seedlings_1_5.jpg,/home/pqbas/projects/LABINM_Robotics_Automation/SeedlingsNet/classifiers/data/data/raw/31_03_23/horizontal/depth/seedlings_1_5.jpg,/home/pqbas/projects/LABINM_Robotics_Automation/SeedlingsNet/classifiers/data/data/raw/31_03_23/vertical/depth/seedlings_1_5.jpg
5413,12693,119,167,71,143,/home/pqbas/projects/LABINM_Robotics_Automation/SeedlingsNet/classifiers/data/data/raw/31_03_23/horizontal/mask/seedlings_mask_2_3.jpg,/home/pqbas/projects/LABINM_Robotics_Automation/SeedlingsNet/classifiers/data/data/raw/31_03_23/vertical/mask/seedlings_mask_2_3.jpg,/home/pqbas/projects/LABINM_Robotics_Automation/SeedlingsNet/classifiers/data/data/raw/31_03_23/horizontal/rgb/seedlings_2_3.jpg,/home/pqbas/projects/LABINM_Robotics_Automation/SeedlingsNet/classifiers/data/data/raw/31_03_23/vertical/rgb/seedlings_2_3.jpg,/home/pqbas/projects/LABINM_Robotics_Automation/SeedlingsNet/classifiers/data/data/raw/31_03_23/horizontal/depth/seedlings_2_3.jpg,/home/pqbas/projects/LABINM_Robotics_Automation/SeedlingsNet/classifiers/data/data/raw/31_03_23/vertical/depth/seedlings_2_3.jpg
5044,7724,143,127,63,119,/home/pqbas/projects/LABINM_Robotics_Automation/SeedlingsNet/classifiers/data/data/raw/31_03_23/horizontal/mask/seedlings_mask_2_4.jpg,/home/pqbas/projects/LABINM_Robotics_Automation/SeedlingsNet/classifiers/data/data/raw/31_03_23/vertical/mask/seedlings_mask_2_4.jpg,/home/pqbas/projects/LABINM_Robotics_Automation/SeedlingsNet/classifiers/data/data/raw/31_03_23/horizontal/rgb/seedlings_2_4.jpg,/home/pqbas/projects/LABINM_Robotics_Automation/SeedlingsNet/classifiers/data/data/raw/31_03_23/vertical/rgb/seedlings_2_4.jpg,/home/pqbas/projects/LABINM_Robotics_Automation/SeedlingsNet/classifiers/data/data/raw/31_03_23/horizontal/depth/seedlings_2_4.jpg,/home/pqbas/projects/LABINM_Robotics_Automation/SeedlingsNet/classifiers/data/data/raw/31_03_23/vertical/depth/seedlings_2_4.jpg
5683,11401,135,143,95,191,/home/pqbas/projects/LABINM_Robotics_Automation/SeedlingsNet/classifiers/data/data/raw/31_03_23/horizontal/mask/seedlings_mask_2_5.jpg,/home/pqbas/projects/LABINM_Robotics_Automation/SeedlingsNet/classifiers/data/data/raw/31_03_23/vertical/mask/seedlings_mask_2_5.jpg,/home/pqbas/projects/LABINM_Robotics_Automation/SeedlingsNet/classifiers/data/data/raw/31_03_23/horizontal/rgb/seedlings_2_5.jpg,/home/pqbas/projects/LABINM_Robotics_Automation/SeedlingsNet/classifiers/data/data/raw/31_03_23/vertical/rgb/seedlings_2_5.jpg,/home/pqbas/projects/LABINM_Robotics_Automation/SeedlingsNet/classifiers/data/data/raw/31_03_23/horizontal/depth/seedlings_2_5.jpg,/home/pqbas/projects/LABINM_Robotics_Automation/SeedlingsNet/classifiers/data/data/raw/31_03_23/vertical/depth/seedlings_2_5.jpg
4518,9227,111,158,63,95,/home/pqbas/projects/LABINM_Robotics_Automation/SeedlingsNet/classifiers/data/data/raw/31_03_23/horizontal/mask/seedlings_mask_3_2.jpg,/home/pqbas/projects/LABINM_Robotics_Automation/SeedlingsNet/classifiers/data/data/raw/31_03_23/vertical/mask/seedlings_mask_3_2.jpg,/home/pqbas/projects/LABINM_Robotics_Automation/SeedlingsNet/classifiers/data/data/raw/31_03_23/horizontal/rgb/seedlings_3_2.jpg,/home/pqbas/projects/LABINM_Robotics_Automation/SeedlingsNet/classifiers/data/data/raw/31_03_23/vertical/rgb/seedlings_3_2.jpg,/home/pqbas/projects/LABINM_Robotics_Automation/SeedlingsNet/classifiers/data/data/raw/31_03_23/horizontal/depth/seedlings_3_2.jpg,/home/pqbas/projects/LABINM_Robotics_Automation/SeedlingsNet/classifiers/data/data/raw/31_03_23/vertical/depth/seedlings_3_2.jpg
5122,6798,119,103,79,95,/home/pqbas/projects/LABINM_Robotics_Automation/SeedlingsNet/classifiers/data/data/raw/31_03_23/horizontal/mask/seedlings_mask_3_4.jpg,/home/pqbas/projects/LABINM_Robotics_Automation/SeedlingsNet/classifiers/data/data/raw/31_03_23/vertical/mask/seedlings_mask_3_4.jpg,/home/pqbas/projects/LABINM_Robotics_Automation/SeedlingsNet/classifiers/data/data/raw/31_03_23/horizontal/rgb/seedlings_3_4.jpg,/home/pqbas/projects/LABINM_Robotics_Automation/SeedlingsNet/classifiers/data/data/raw/31_03_23/vertical/rgb/seedlings_3_4.jpg,/home/pqbas/projects/LABINM_Robotics_Automation/SeedlingsNet/classifiers/data/data/raw/31_03_23/horizontal/depth/seedlings_3_4.jpg,/home/pqbas/projects/LABINM_Robotics_Automation/SeedlingsNet/classifiers/data/data/raw/31_03_23/vertical/depth/seedlings_3_4.jpg
5472,9900,151,119,71,135,/home/pqbas/projects/LABINM_Robotics_Automation/SeedlingsNet/classifiers/data/data/raw/31_03_23/horizontal/mask/seedlings_mask_3_5.jpg,/home/pqbas/projects/LABINM_Robotics_Automation/SeedlingsNet/classifiers/data/data/raw/31_03_23/vertical/mask/seedlings_mask_3_5.jpg,/home/pqbas/projects/LABINM_Robotics_Automation/SeedlingsNet/classifiers/data/data/raw/31_03_23/horizontal/rgb/seedlings_3_5.jpg,/home/pqbas/projects/LABINM_Robotics_Automation/SeedlingsNet/classifiers/data/data/raw/31_03_23/vertical/rgb/seedlings_3_5.jpg,/home/pqbas/projects/LABINM_Robotics_Automation/SeedlingsNet/classifiers/data/data/raw/31_03_23/horizontal/depth/seedlings_3_5.jpg,/home/pqbas/projects/LABINM_Robotics_Automation/SeedlingsNet/classifiers/data/data/raw/31_03_23/vertical/depth/seedlings_3_5.jpg
6203,17946,127,199,117,215,/home/pqbas/projects/LABINM_Robotics_Automation/SeedlingsNet/classifiers/data/data/raw/31_03_23/horizontal/mask/seedlings_mask_3_6.jpg,/home/pqbas/projects/LABINM_Robotics_Automation/SeedlingsNet/classifiers/data/data/raw/31_03_23/vertical/mask/seedlings_mask_3_6.jpg,/home/pqbas/projects/LABINM_Robotics_Automation/SeedlingsNet/classifiers/data/data/raw/31_03_23/horizontal/rgb/seedlings_3_6.jpg,/home/pqbas/projects/LABINM_Robotics_Automation/SeedlingsNet/classifiers/data/data/raw/31_03_23/vertical/rgb/seedlings_3_6.jpg,/home/pqbas/projects/LABINM_Robotics_Automation/SeedlingsNet/classifiers/data/data/raw/31_03_23/horizontal/depth/seedlings_3_6.jpg,/home/pqbas/projects/LABINM_Robotics_Automation/SeedlingsNet/classifiers/data/data/raw/31_03_23/vertical/depth/seedlings_3_6.jpg
6214,12032,143,159,79,143,/home/pqbas/projects/LABINM_Robotics_Automation/SeedlingsNet/classifiers/data/data/raw/31_03_23/horizontal/mask/seedlings_mask_4_1.jpg,/home/pqbas/projects/LABINM_Robotics_Automation/SeedlingsNet/classifiers/data/data/raw/31_03_23/vertical/mask/seedlings_mask_4_1.jpg,/home/pqbas/projects/LABINM_Robotics_Automation/SeedlingsNet/classifiers/data/data/raw/31_03_23/horizontal/rgb/seedlings_4_1.jpg,/home/pqbas/projects/LABINM_Robotics_Automation/SeedlingsNet/classifiers/data/data/raw/31_03_23/vertical/rgb/seedlings_4_1.jpg,/home/pqbas/projects/LABINM_Robotics_Automation/SeedlingsNet/classifiers/data/data/raw/31_03_23/horizontal/depth/seedlings_4_1.jpg,/home/pqbas/projects/LABINM_Robotics_Automation/SeedlingsNet/classifiers/data/data/raw/31_03_23/vertical/depth/seedlings_4_1.jpg
5214,8659,127,119,79,167,/home/pqbas/projects/LABINM_Robotics_Automation/SeedlingsNet/classifiers/data/data/raw/31_03_23/horizontal/mask/seedlings_mask_4_2.jpg,/home/pqbas/projects/LABINM_Robotics_Automation/SeedlingsNet/classifiers/data/data/raw/31_03_23/vertical/mask/seedlings_mask_4_2.jpg,/home/pqbas/projects/LABINM_Robotics_Automation/SeedlingsNet/classifiers/data/data/raw/31_03_23/horizontal/rgb/seedlings_4_2.jpg,/home/pqbas/projects/LABINM_Robotics_Automation/SeedlingsNet/classifiers/data/data/raw/31_03_23/vertical/rgb/seedlings_4_2.jpg,/home/pqbas/projects/LABINM_Robotics_Automation/SeedlingsNet/classifiers/data/data/raw/31_03_23/horizontal/depth/seedlings_4_2.jpg,/home/pqbas/projects/LABINM_Robotics_Automation/SeedlingsNet/classifiers/data/data/raw/31_03_23/vertical/depth/seedlings_4_2.jpg
6104,8143,143,127,63,103,/home/pqbas/projects/LABINM_Robotics_Automation/SeedlingsNet/classifiers/data/data/raw/31_03_23/horizontal/mask/seedlings_mask_4_3.jpg,/home/pqbas/projects/LABINM_Robotics_Automation/SeedlingsNet/classifiers/data/data/raw/31_03_23/vertical/mask/seedlings_mask_4_3.jpg,/home/pqbas/projects/LABINM_Robotics_Automation/SeedlingsNet/classifiers/data/data/raw/31_03_23/horizontal/rgb/seedlings_4_3.jpg,/home/pqbas/projects/LABINM_Robotics_Automation/SeedlingsNet/classifiers/data/data/raw/31_03_23/vertical/rgb/seedlings_4_3.jpg,/home/pqbas/projects/LABINM_Robotics_Automation/SeedlingsNet/classifiers/data/data/raw/31_03_23/horizontal/depth/seedlings_4_3.jpg,/home/pqbas/projects/LABINM_Robotics_Automation/SeedlingsNet/classifiers/data/data/raw/31_03_23/vertical/depth/seedlings_4_3.jpg
5385,9856,127,167,71,127,/home/pqbas/projects/LABINM_Robotics_Automation/SeedlingsNet/classifiers/data/data/raw/31_03_23/horizontal/mask/seedlings_mask_4_5.jpg,/home/pqbas/projects/LABINM_Robotics_Automation/SeedlingsNet/classifiers/data/data/raw/31_03_23/vertical/mask/seedlings_mask_4_5.jpg,/home/pqbas/projects/LABINM_Robotics_Automation/SeedlingsNet/classifiers/data/data/raw/31_03_23/horizontal/rgb/seedlings_4_5.jpg,/home/pqbas/projects/LABINM_Robotics_Automation/SeedlingsNet/classifiers/data/data/raw/31_03_23/vertical/rgb/seedlings_4_5.jpg,/home/pqbas/projects/LABINM_Robotics_Automation/SeedlingsNet/classifiers/data/data/raw/31_03_23/horizontal/depth/seedlings_4_5.jpg,/home/pqbas/projects/LABINM_Robotics_Automation/SeedlingsNet/classifiers/data/data/raw/31_03_23/vertical/depth/seedlings_4_5.jpg
5567,16689,135,183,79,159,/home/pqbas/projects/LABINM_Robotics_Automation/SeedlingsNet/classifiers/data/data/raw/31_03_23/horizontal/mask/seedlings_mask_5_2.jpg,/home/pqbas/projects/LABINM_Robotics_Automation/SeedlingsNet/classifiers/data/data/raw/31_03_23/vertical/mask/seedlings_mask_5_2.jpg,/home/pqbas/projects/LABINM_Robotics_Automation/SeedlingsNet/classifiers/data/data/raw/31_03_23/horizontal/rgb/seedlings_5_2.jpg,/home/pqbas/projects/LABINM_Robotics_Automation/SeedlingsNet/classifiers/data/data/raw/31_03_23/vertical/rgb/seedlings_5_2.jpg,/home/pqbas/projects/LABINM_Robotics_Automation/SeedlingsNet/classifiers/data/data/raw/31_03_23/horizontal/depth/seedlings_5_2.jpg,/home/pqbas/projects/LABINM_Robotics_Automation/SeedlingsNet/classifiers/data/data/raw/31_03_23/vertical/depth/seedlings_5_2.jpg
6657,20573,135,223,111,215,/home/pqbas/projects/LABINM_Robotics_Automation/SeedlingsNet/classifiers/data/data/raw/31_03_23/horizontal/mask/seedlings_mask_5_3.jpg,/home/pqbas/projects/LABINM_Robotics_Automation/SeedlingsNet/classifiers/data/data/raw/31_03_23/vertical/mask/seedlings_mask_5_3.jpg,/home/pqbas/projects/LABINM_Robotics_Automation/SeedlingsNet/classifiers/data/data/raw/31_03_23/horizontal/rgb/seedlings_5_3.jpg,/home/pqbas/projects/LABINM_Robotics_Automation/SeedlingsNet/classifiers/data/data/raw/31_03_23/vertical/rgb/seedlings_5_3.jpg,/home/pqbas/projects/LABINM_Robotics_Automation/SeedlingsNet/classifiers/data/data/raw/31_03_23/horizontal/depth/seedlings_5_3.jpg,/home/pqbas/projects/LABINM_Robotics_Automation/SeedlingsNet/classifiers/data/data/raw/31_03_23/vertical/depth/seedlings_5_3.jpg
3921,4661,111,87,55,87,/home/pqbas/projects/LABINM_Robotics_Automation/SeedlingsNet/classifiers/data/data/raw/31_03_23/horizontal/mask/seedlings_mask_5_4.jpg,/home/pqbas/projects/LABINM_Robotics_Automation/SeedlingsNet/classifiers/data/data/raw/31_03_23/vertical/mask/seedlings_mask_5_4.jpg,/home/pqbas/projects/LABINM_Robotics_Automation/SeedlingsNet/classifiers/data/data/raw/31_03_23/horizontal/rgb/seedlings_5_4.jpg,/home/pqbas/projects/LABINM_Robotics_Automation/SeedlingsNet/classifiers/data/data/raw/31_03_23/vertical/rgb/seedlings_5_4.jpg,/home/pqbas/projects/LABINM_Robotics_Automation/SeedlingsNet/classifiers/data/data/raw/31_03_23/horizontal/depth/seedlings_5_4.jpg,/home/pqbas/projects/LABINM_Robotics_Automation/SeedlingsNet/classifiers/data/data/raw/31_03_23/vertical/depth/seedlings_5_4.jpg
5261,9641,135,119,62,119,/home/pqbas/projects/LABINM_Robotics_Automation/SeedlingsNet/classifiers/data/data/raw/31_03_23/horizontal/mask/seedlings_mask_5_6.jpg,/home/pqbas/projects/LABINM_Robotics_Automation/SeedlingsNet/classifiers/data/data/raw/31_03_23/vertical/mask/seedlings_mask_5_6.jpg,/home/pqbas/projects/LABINM_Robotics_Automation/SeedlingsNet/classifiers/data/data/raw/31_03_23/horizontal/rgb/seedlings_5_6.jpg,/home/pqbas/projects/LABINM_Robotics_Automation/SeedlingsNet/classifiers/data/data/raw/31_03_23/vertical/rgb/seedlings_5_6.jpg,/home/pqbas/projects/LABINM_Robotics_Automation/SeedlingsNet/classifiers/data/data/raw/31_03_23/horizontal/depth/seedlings_5_6.jpg,/home/pqbas/projects/LABINM_Robotics_Automation/SeedlingsNet/classifiers/data/data/raw/31_03_23/vertical/depth/seedlings_5_6.jpg
5719,6220,151,135,63,63,/home/pqbas/projects/LABINM_Robotics_Automation/SeedlingsNet/classifiers/data/data/raw/31_03_23/horizontal/mask/seedlings_mask_6_1.jpg,/home/pqbas/projects/LABINM_Robotics_Automation/SeedlingsNet/classifiers/data/data/raw/31_03_23/vertical/mask/seedlings_mask_6_1.jpg,/home/pqbas/projects/LABINM_Robotics_Automation/SeedlingsNet/classifiers/data/data/raw/31_03_23/horizontal/rgb/seedlings_6_1.jpg,/home/pqbas/projects/LABINM_Robotics_Automation/SeedlingsNet/classifiers/data/data/raw/31_03_23/vertical/rgb/seedlings_6_1.jpg,/home/pqbas/projects/LABINM_Robotics_Automation/SeedlingsNet/classifiers/data/data/raw/31_03_23/horizontal/depth/seedlings_6_1.jpg,/home/pqbas/projects/LABINM_Robotics_Automation/SeedlingsNet/classifiers/data/data/raw/31_03_23/vertical/depth/seedlings_6_1.jpg
4210,8264,103,127,71,151,/home/pqbas/projects/LABINM_Robotics_Automation/SeedlingsNet/classifiers/data/data/raw/31_03_23/horizontal/mask/seedlings_mask_6_2.jpg,/home/pqbas/projects/LABINM_Robotics_Automation/SeedlingsNet/classifiers/data/data/raw/31_03_23/vertical/mask/seedlings_mask_6_2.jpg,/home/pqbas/projects/LABINM_Robotics_Automation/SeedlingsNet/classifiers/data/data/raw/31_03_23/horizontal/rgb/seedlings_6_2.jpg,/home/pqbas/projects/LABINM_Robotics_Automation/SeedlingsNet/classifiers/data/data/raw/31_03_23/vertical/rgb/seedlings_6_2.jpg,/home/pqbas/projects/LABINM_Robotics_Automation/SeedlingsNet/classifiers/data/data/raw/31_03_23/horizontal/depth/seedlings_6_2.jpg,/home/pqbas/projects/LABINM_Robotics_Automation/SeedlingsNet/classifiers/data/data/raw/31_03_23/vertical/depth/seedlings_6_2.jpg
5978,11932,143,199,71,111,/home/pqbas/projects/LABINM_Robotics_Automation/SeedlingsNet/classifiers/data/data/raw/31_03_23/horizontal/mask/seedlings_mask_6_4.jpg,/home/pqbas/projects/LABINM_Robotics_Automation/SeedlingsNet/classifiers/data/data/raw/31_03_23/vertical/mask/seedlings_mask_6_4.jpg,/home/pqbas/projects/LABINM_Robotics_Automation/SeedlingsNet/classifiers/data/data/raw/31_03_23/horizontal/rgb/seedlings_6_4.jpg,/home/pqbas/projects/LABINM_Robotics_Automation/SeedlingsNet/classifiers/data/data/raw/31_03_23/vertical/rgb/seedlings_6_4.jpg,/home/pqbas/projects/LABINM_Robotics_Automation/SeedlingsNet/classifiers/data/data/raw/31_03_23/horizontal/depth/seedlings_6_4.jpg,/home/pqbas/projects/LABINM_Robotics_Automation/SeedlingsNet/classifiers/data/data/raw/31_03_23/vertical/depth/seedlings_6_4.jpg
5839,15903,127,199,71,151,/home/pqbas/projects/LABINM_Robotics_Automation/SeedlingsNet/classifiers/data/data/raw/31_03_23/horizontal/mask/seedlings_mask_6_5.jpg,/home/pqbas/projects/LABINM_Robotics_Automation/SeedlingsNet/classifiers/data/data/raw/31_03_23/vertical/mask/seedlings_mask_6_5.jpg,/home/pqbas/projects/LABINM_Robotics_Automation/SeedlingsNet/classifiers/data/data/raw/31_03_23/horizontal/rgb/seedlings_6_5.jpg,/home/pqbas/projects/LABINM_Robotics_Automation/SeedlingsNet/classifiers/data/data/raw/31_03_23/vertical/rgb/seedlings_6_5.jpg,/home/pqbas/projects/LABINM_Robotics_Automation/SeedlingsNet/classifiers/data/data/raw/31_03_23/horizontal/depth/seedlings_6_5.jpg,/home/pqbas/projects/LABINM_Robotics_Automation/SeedlingsNet/classifiers/data/data/raw/31_03_23/vertical/depth/seedlings_6_5.jpg
5727,15250,135,111,127,247,/home/pqbas/projects/LABINM_Robotics_Automation/SeedlingsNet/classifiers/data/data/raw/31_03_23/horizontal/mask/seedlings_mask_7_1.jpg,/home/pqbas/projects/LABINM_Robotics_Automation/SeedlingsNet/classifiers/data/data/raw/31_03_23/vertical/mask/seedlings_mask_7_1.jpg,/home/pqbas/projects/LABINM_Robotics_Automation/SeedlingsNet/classifiers/data/data/raw/31_03_23/horizontal/rgb/seedlings_7_1.jpg,/home/pqbas/projects/LABINM_Robotics_Automation/SeedlingsNet/classifiers/data/data/raw/31_03_23/vertical/rgb/seedlings_7_1.jpg,/home/pqbas/projects/LABINM_Robotics_Automation/SeedlingsNet/classifiers/data/data/raw/31_03_23/horizontal/depth/seedlings_7_1.jpg,/home/pqbas/projects/LABINM_Robotics_Automation/SeedlingsNet/classifiers/data/data/raw/31_03_23/vertical/depth/seedlings_7_1.jpg
5759,19414,135,231,111,223,/home/pqbas/projects/LABINM_Robotics_Automation/SeedlingsNet/classifiers/data/data/raw/31_03_23/horizontal/mask/seedlings_mask_7_4.jpg,/home/pqbas/projects/LABINM_Robotics_Automation/SeedlingsNet/classifiers/data/data/raw/31_03_23/vertical/mask/seedlings_mask_7_4.jpg,/home/pqbas/projects/LABINM_Robotics_Automation/SeedlingsNet/classifiers/data/data/raw/31_03_23/horizontal/rgb/seedlings_7_4.jpg,/home/pqbas/projects/LABINM_Robotics_Automation/SeedlingsNet/classifiers/data/data/raw/31_03_23/vertical/rgb/seedlings_7_4.jpg,/home/pqbas/projects/LABINM_Robotics_Automation/SeedlingsNet/classifiers/data/data/raw/31_03_23/horizontal/depth/seedlings_7_4.jpg,/home/pqbas/projects/LABINM_Robotics_Automation/SeedlingsNet/classifiers/data/data/raw/31_03_23/vertical/depth/seedlings_7_4.jpg
5321,14266,111,207,87,167,/home/pqbas/projects/LABINM_Robotics_Automation/SeedlingsNet/classifiers/data/data/raw/31_03_23/horizontal/mask/seedlings_mask_7_5.jpg,/home/pqbas/projects/LABINM_Robotics_Automation/SeedlingsNet/classifiers/data/data/raw/31_03_23/vertical/mask/seedlings_mask_7_5.jpg,/home/pqbas/projects/LABINM_Robotics_Automation/SeedlingsNet/classifiers/data/data/raw/31_03_23/horizontal/rgb/seedlings_7_5.jpg,/home/pqbas/projects/LABINM_Robotics_Automation/SeedlingsNet/classifiers/data/data/raw/31_03_23/vertical/rgb/seedlings_7_5.jpg,/home/pqbas/projects/LABINM_Robotics_Automation/SeedlingsNet/classifiers/data/data/raw/31_03_23/horizontal/depth/seedlings_7_5.jpg,/home/pqbas/projects/LABINM_Robotics_Automation/SeedlingsNet/classifiers/data/data/raw/31_03_23/vertical/depth/seedlings_7_5.jpg
5099,8984,127,111,71,127,/home/pqbas/projects/LABINM_Robotics_Automation/SeedlingsNet/classifiers/data/data/raw/31_03_23/horizontal/mask/seedlings_mask_7_6.jpg,/home/pqbas/projects/LABINM_Robotics_Automation/SeedlingsNet/classifiers/data/data/raw/31_03_23/vertical/mask/seedlings_mask_7_6.jpg,/home/pqbas/projects/LABINM_Robotics_Automation/SeedlingsNet/classifiers/data/data/raw/31_03_23/horizontal/rgb/seedlings_7_6.jpg,/home/pqbas/projects/LABINM_Robotics_Automation/SeedlingsNet/classifiers/data/data/raw/31_03_23/vertical/rgb/seedlings_7_6.jpg,/home/pqbas/projects/LABINM_Robotics_Automation/SeedlingsNet/classifiers/data/data/raw/31_03_23/horizontal/depth/seedlings_7_6.jpg,/home/pqbas/projects/LABINM_Robotics_Automation/SeedlingsNet/classifiers/data/data/raw/31_03_23/vertical/depth/seedlings_7_6.jpg
5847,13212,143,167,87,159,/home/pqbas/projects/LABINM_Robotics_Automation/SeedlingsNet/classifiers/data/data/raw/31_03_23/horizontal/mask/seedlings_mask_8_5.jpg,/home/pqbas/projects/LABINM_Robotics_Automation/SeedlingsNet/classifiers/data/data/raw/31_03_23/vertical/mask/seedlings_mask_8_5.jpg,/home/pqbas/projects/LABINM_Robotics_Automation/SeedlingsNet/classifiers/data/data/raw/31_03_23/horizontal/rgb/seedlings_8_5.jpg,/home/pqbas/projects/LABINM_Robotics_Automation/SeedlingsNet/classifiers/data/data/raw/31_03_23/vertical/rgb/seedlings_8_5.jpg,/home/pqbas/projects/LABINM_Robotics_Automation/SeedlingsNet/classifiers/data/data/raw/31_03_23/horizontal/depth/seedlings_8_5.jpg,/home/pqbas/projects/LABINM_Robotics_Automation/SeedlingsNet/classifiers/data/data/raw/31_03_23/vertical/depth/seedlings_8_5.jpg
4777,9254,151,119,63,127,/home/pqbas/projects/LABINM_Robotics_Automation/SeedlingsNet/classifiers/data/data/raw/31_03_23/horizontal/mask/seedlings_mask_9_2.jpg,/home/pqbas/projects/LABINM_Robotics_Automation/SeedlingsNet/classifiers/data/data/raw/31_03_23/vertical/mask/seedlings_mask_9_2.jpg,/home/pqbas/projects/LABINM_Robotics_Automation/SeedlingsNet/classifiers/data/data/raw/31_03_23/horizontal/rgb/seedlings_9_2.jpg,/home/pqbas/projects/LABINM_Robotics_Automation/SeedlingsNet/classifiers/data/data/raw/31_03_23/vertical/rgb/seedlings_9_2.jpg,/home/pqbas/projects/LABINM_Robotics_Automation/SeedlingsNet/classifiers/data/data/raw/31_03_23/horizontal/depth/seedlings_9_2.jpg,/home/pqbas/projects/LABINM_Robotics_Automation/SeedlingsNet/classifiers/data/data/raw/31_03_23/vertical/depth/seedlings_9_2.jpg
4645,10551,111,182,63,111,/home/pqbas/projects/LABINM_Robotics_Automation/SeedlingsNet/classifiers/data/data/raw/31_03_23/horizontal/mask/seedlings_mask_9_3.jpg,/home/pqbas/projects/LABINM_Robotics_Automation/SeedlingsNet/classifiers/data/data/raw/31_03_23/vertical/mask/seedlings_mask_9_3.jpg,/home/pqbas/projects/LABINM_Robotics_Automation/SeedlingsNet/classifiers/data/data/raw/31_03_23/horizontal/rgb/seedlings_9_3.jpg,/home/pqbas/projects/LABINM_Robotics_Automation/SeedlingsNet/classifiers/data/data/raw/31_03_23/vertical/rgb/seedlings_9_3.jpg,/home/pqbas/projects/LABINM_Robotics_Automation/SeedlingsNet/classifiers/data/data/raw/31_03_23/horizontal/depth/seedlings_9_3.jpg,/home/pqbas/projects/LABINM_Robotics_Automation/SeedlingsNet/classifiers/data/data/raw/31_03_23/vertical/depth/seedlings_9_3.jpg
5025,8066,135,143,55,87,/home/pqbas/projects/LABINM_Robotics_Automation/SeedlingsNet/classifiers/data/data/raw/31_03_23/horizontal/mask/seedlings_mask_9_5.jpg,/home/pqbas/projects/LABINM_Robotics_Automation/SeedlingsNet/classifiers/data/data/raw/31_03_23/vertical/mask/seedlings_mask_9_5.jpg,/home/pqbas/projects/LABINM_Robotics_Automation/SeedlingsNet/classifiers/data/data/raw/31_03_23/horizontal/rgb/seedlings_9_5.jpg,/home/pqbas/projects/LABINM_Robotics_Automation/SeedlingsNet/classifiers/data/data/raw/31_03_23/vertical/rgb/seedlings_9_5.jpg,/home/pqbas/projects/LABINM_Robotics_Automation/SeedlingsNet/classifiers/data/data/raw/31_03_23/horizontal/depth/seedlings_9_5.jpg,/home/pqbas/projects/LABINM_Robotics_Automation/SeedlingsNet/classifiers/data/data/raw/31_03_23/vertical/depth/seedlings_9_5.jpg
5830,8263,151,175,55,87,/home/pqbas/projects/LABINM_Robotics_Automation/SeedlingsNet/classifiers/data/data/raw/31_03_23/horizontal/mask/seedlings_mask_9_6.jpg,/home/pqbas/projects/LABINM_Robotics_Automation/SeedlingsNet/classifiers/data/data/raw/31_03_23/vertical/mask/seedlings_mask_9_6.jpg,/home/pqbas/projects/LABINM_Robotics_Automation/SeedlingsNet/classifiers/data/data/raw/31_03_23/horizontal/rgb/seedlings_9_6.jpg,/home/pqbas/projects/LABINM_Robotics_Automation/SeedlingsNet/classifiers/data/data/raw/31_03_23/vertical/rgb/seedlings_9_6.jpg,/home/pqbas/projects/LABINM_Robotics_Automation/SeedlingsNet/classifiers/data/data/raw/31_03_23/horizontal/depth/seedlings_9_6.jpg,/home/pqbas/projects/LABINM_Robotics_Automation/SeedlingsNet/classifiers/data/data/raw/31_03_23/vertical/depth/seedlings_9_6.jpg
4980,11455,135,215,71,87,/home/pqbas/projects/LABINM_Robotics_Automation/SeedlingsNet/classifiers/data/data/raw/31_03_23/horizontal/mask/seedlings_mask_10_4.jpg,/home/pqbas/projects/LABINM_Robotics_Automation/SeedlingsNet/classifiers/data/data/raw/31_03_23/vertical/mask/seedlings_mask_10_4.jpg,/home/pqbas/projects/LABINM_Robotics_Automation/SeedlingsNet/classifiers/data/data/raw/31_03_23/horizontal/rgb/seedlings_10_4.jpg,/home/pqbas/projects/LABINM_Robotics_Automation/SeedlingsNet/classifiers/data/data/raw/31_03_23/vertical/rgb/seedlings_10_4.jpg,/home/pqbas/projects/LABINM_Robotics_Automation/SeedlingsNet/classifiers/data/data/raw/31_03_23/horizontal/depth/seedlings_10_4.jpg,/home/pqbas/projects/LABINM_Robotics_Automation/SeedlingsNet/classifiers/data/data/raw/31_03_23/vertical/depth/seedlings_10_4.jpg
4569,10984,111,135,87,167,/home/pqbas/projects/LABINM_Robotics_Automation/SeedlingsNet/classifiers/data/data/raw/31_03_23/horizontal/mask/seedlings_mask_10_5.jpg,/home/pqbas/projects/LABINM_Robotics_Automation/SeedlingsNet/classifiers/data/data/raw/31_03_23/vertical/mask/seedlings_mask_10_5.jpg,/home/pqbas/projects/LABINM_Robotics_Automation/SeedlingsNet/classifiers/data/data/raw/31_03_23/horizontal/rgb/seedlings_10_5.jpg,/home/pqbas/projects/LABINM_Robotics_Automation/SeedlingsNet/classifiers/data/data/raw/31_03_23/vertical/rgb/seedlings_10_5.jpg,/home/pqbas/projects/LABINM_Robotics_Automation/SeedlingsNet/classifiers/data/data/raw/31_03_23/horizontal/depth/seedlings_10_5.jpg,/home/pqbas/projects/LABINM_Robotics_Automation/SeedlingsNet/classifiers/data/data/raw/31_03_23/vertical/depth/seedlings_10_5.jpg
3358,5681,87,111,55,87,/home/pqbas/projects/LABINM_Robotics_Automation/SeedlingsNet/classifiers/data/data/raw/31_03_23/horizontal/mask/seedlings_mask_10_6.jpg,/home/pqbas/projects/LABINM_Robotics_Automation/SeedlingsNet/classifiers/data/data/raw/31_03_23/vertical/mask/seedlings_mask_10_6.jpg,/home/pqbas/projects/LABINM_Robotics_Automation/SeedlingsNet/classifiers/data/data/raw/31_03_23/horizontal/rgb/seedlings_10_6.jpg,/home/pqbas/projects/LABINM_Robotics_Automation/SeedlingsNet/classifiers/data/data/raw/31_03_23/vertical/rgb/seedlings_10_6.jpg,/home/pqbas/projects/LABINM_Robotics_Automation/SeedlingsNet/classifiers/data/data/raw/31_03_23/horizontal/depth/seedlings_10_6.jpg,/home/pqbas/projects/LABINM_Robotics_Automation/SeedlingsNet/classifiers/data/data/raw/31_03_23/vertical/depth/seedlings_10_6.jpg
4300,10404,103,159,63,119,/home/pqbas/projects/LABINM_Robotics_Automation/SeedlingsNet/classifiers/data/data/raw/31_03_23/horizontal/mask/seedlings_mask_11_4.jpg,/home/pqbas/projects/LABINM_Robotics_Automation/SeedlingsNet/classifiers/data/data/raw/31_03_23/vertical/mask/seedlings_mask_11_4.jpg,/home/pqbas/projects/LABINM_Robotics_Automation/SeedlingsNet/classifiers/data/data/raw/31_03_23/horizontal/rgb/seedlings_11_4.jpg,/home/pqbas/projects/LABINM_Robotics_Automation/SeedlingsNet/classifiers/data/data/raw/31_03_23/vertical/rgb/seedlings_11_4.jpg,/home/pqbas/projects/LABINM_Robotics_Automation/SeedlingsNet/classifiers/data/data/raw/31_03_23/horizontal/depth/seedlings_11_4.jpg,/home/pqbas/projects/LABINM_Robotics_Automation/SeedlingsNet/classifiers/data/data/raw/31_03_23/vertical/depth/seedlings_11_4.jpg
5605,13690,111,159,119,231,/home/pqbas/projects/LABINM_Robotics_Automation/SeedlingsNet/classifiers/data/data/raw/31_03_23/horizontal/mask/seedlings_mask_11_5.jpg,/home/pqbas/projects/LABINM_Robotics_Automation/SeedlingsNet/classifiers/data/data/raw/31_03_23/vertical/mask/seedlings_mask_11_5.jpg,/home/pqbas/projects/LABINM_Robotics_Automation/SeedlingsNet/classifiers/data/data/raw/31_03_23/horizontal/rgb/seedlings_11_5.jpg,/home/pqbas/projects/LABINM_Robotics_Automation/SeedlingsNet/classifiers/data/data/raw/31_03_23/vertical/rgb/seedlings_11_5.jpg,/home/pqbas/projects/LABINM_Robotics_Automation/SeedlingsNet/classifiers/data/data/raw/31_03_23/horizontal/depth/seedlings_11_5.jpg,/home/pqbas/projects/LABINM_Robotics_Automation/SeedlingsNet/classifiers/data/data/raw/31_03_23/vertical/depth/seedlings_11_5.jpg
3894,7286,95,103,71,135,/home/pqbas/projects/LABINM_Robotics_Automation/SeedlingsNet/classifiers/data/data/raw/31_03_23/horizontal/mask/seedlings_mask_12_2.jpg,/home/pqbas/projects/LABINM_Robotics_Automation/SeedlingsNet/classifiers/data/data/raw/31_03_23/vertical/mask/seedlings_mask_12_2.jpg,/home/pqbas/projects/LABINM_Robotics_Automation/SeedlingsNet/classifiers/data/data/raw/31_03_23/horizontal/rgb/seedlings_12_2.jpg,/home/pqbas/projects/LABINM_Robotics_Automation/SeedlingsNet/classifiers/data/data/raw/31_03_23/vertical/rgb/seedlings_12_2.jpg,/home/pqbas/projects/LABINM_Robotics_Automation/SeedlingsNet/classifiers/data/data/raw/31_03_23/horizontal/depth/seedlings_12_2.jpg,/home/pqbas/projects/LABINM_Robotics_Automation/SeedlingsNet/classifiers/data/data/raw/31_03_23/vertical/depth/seedlings_12_2.jpg
3724,3035,95,63,63,87,/home/pqbas/projects/LABINM_Robotics_Automation/SeedlingsNet/classifiers/data/data/raw/31_03_23/horizontal/mask/seedlings_mask_12_4.jpg,/home/pqbas/projects/LABINM_Robotics_Automation/SeedlingsNet/classifiers/data/data/raw/31_03_23/vertical/mask/seedlings_mask_12_4.jpg,/home/pqbas/projects/LABINM_Robotics_Automation/SeedlingsNet/classifiers/data/data/raw/31_03_23/horizontal/rgb/seedlings_12_4.jpg,/home/pqbas/projects/LABINM_Robotics_Automation/SeedlingsNet/classifiers/data/data/raw/31_03_23/vertical/rgb/seedlings_12_4.jpg,/home/pqbas/projects/LABINM_Robotics_Automation/SeedlingsNet/classifiers/data/data/raw/31_03_23/horizontal/depth/seedlings_12_4.jpg,/home/pqbas/projects/LABINM_Robotics_Automation/SeedlingsNet/classifiers/data/data/raw/31_03_23/vertical/depth/seedlings_12_4.jpg
4262,7009,111,119,87,158,/home/pqbas/projects/LABINM_Robotics_Automation/SeedlingsNet/classifiers/data/data/raw/31_03_23/horizontal/mask/seedlings_mask_12_5.jpg,/home/pqbas/projects/LABINM_Robotics_Automation/SeedlingsNet/classifiers/data/data/raw/31_03_23/vertical/mask/seedlings_mask_12_5.jpg,/home/pqbas/projects/LABINM_Robotics_Automation/SeedlingsNet/classifiers/data/data/raw/31_03_23/horizontal/rgb/seedlings_12_5.jpg,/home/pqbas/projects/LABINM_Robotics_Automation/SeedlingsNet/classifiers/data/data/raw/31_03_23/vertical/rgb/seedlings_12_5.jpg,/home/pqbas/projects/LABINM_Robotics_Automation/SeedlingsNet/classifiers/data/data/raw/31_03_23/horizontal/depth/seedlings_12_5.jpg,/home/pqbas/projects/LABINM_Robotics_Automation/SeedlingsNet/classifiers/data/data/raw/31_03_23/vertical/depth/seedlings_12_5.jpg
