length,vertical_area,vertical_heigth,vertical_width,horizontal_area,horizontal_heigth,horizontal_width,vertical_mask_path,horizontal_mask_path,vertical_rgb_path,horizontal_rgb_path,vertical_depth_path,horizontal_depth_path
77.8,6284,119,79,6390,150,87,../gallery_03_03_23_tray1/vertical/mask/seedlings_mask_1_1.jpg,../gallery_03_03_23_tray1/horizontal/mask/seedlings_mask_1_1.jpg,../gallery_03_03_23_tray1/vertical/rgb/seedlings_1_1.jpg,../gallery_03_03_23_tray1/horizontal/rgb/seedlings_1_1.jpg,../gallery_03_03_23_tray1/vertical/depth/seedlings_1_1.jpg,../gallery_03_03_23_tray1/horizontal/depth/seedlings_1_1.jpg
63.66,14398,167,151,5332,127,85,../gallery_03_03_23_tray1/vertical/mask/seedlings_mask_1_2.jpg,../gallery_03_03_23_tray1/horizontal/mask/seedlings_mask_1_2.jpg,../gallery_03_03_23_tray1/vertical/rgb/seedlings_1_2.jpg,../gallery_03_03_23_tray1/horizontal/rgb/seedlings_1_2.jpg,../gallery_03_03_23_tray1/vertical/depth/seedlings_1_2.jpg,../gallery_03_03_23_tray1/horizontal/depth/seedlings_1_2.jpg
70.85,13696,159,159,6085,143,95,../gallery_03_03_23_tray1/vertical/mask/seedlings_mask_1_3.jpg,../gallery_03_03_23_tray1/horizontal/mask/seedlings_mask_1_3.jpg,../gallery_03_03_23_tray1/vertical/rgb/seedlings_1_3.jpg,../gallery_03_03_23_tray1/horizontal/rgb/seedlings_1_3.jpg,../gallery_03_03_23_tray1/vertical/depth/seedlings_1_3.jpg,../gallery_03_03_23_tray1/horizontal/depth/seedlings_1_3.jpg
59.36,12697,167,143,5123,119,79,../gallery_03_03_23_tray1/vertical/mask/seedlings_mask_1_4.jpg,../gallery_03_03_23_tray1/horizontal/mask/seedlings_mask_1_4.jpg,../gallery_03_03_23_tray1/vertical/rgb/seedlings_1_4.jpg,../gallery_03_03_23_tray1/horizontal/rgb/seedlings_1_4.jpg,../gallery_03_03_23_tray1/vertical/depth/seedlings_1_4.jpg,../gallery_03_03_23_tray1/horizontal/depth/seedlings_1_4.jpg
65.51,13367,127,207,5366,119,119,../gallery_03_03_23_tray1/vertical/mask/seedlings_mask_1_5.jpg,../gallery_03_03_23_tray1/horizontal/mask/seedlings_mask_1_5.jpg,../gallery_03_03_23_tray1/vertical/rgb/seedlings_1_5.jpg,../gallery_03_03_23_tray1/horizontal/rgb/seedlings_1_5.jpg,../gallery_03_03_23_tray1/vertical/depth/seedlings_1_5.jpg,../gallery_03_03_23_tray1/horizontal/depth/seedlings_1_5.jpg
69.66,14175,207,175,5409,119,95,../gallery_03_03_23_tray1/vertical/mask/seedlings_mask_1_6.jpg,../gallery_03_03_23_tray1/horizontal/mask/seedlings_mask_1_6.jpg,../gallery_03_03_23_tray1/vertical/rgb/seedlings_1_6.jpg,../gallery_03_03_23_tray1/horizontal/rgb/seedlings_1_6.jpg,../gallery_03_03_23_tray1/vertical/depth/seedlings_1_6.jpg,../gallery_03_03_23_tray1/horizontal/depth/seedlings_1_6.jpg
76.07,15335,183,151,6640,143,103,../gallery_03_03_23_tray1/vertical/mask/seedlings_mask_2_1.jpg,../gallery_03_03_23_tray1/horizontal/mask/seedlings_mask_2_1.jpg,../gallery_03_03_23_tray1/vertical/rgb/seedlings_2_1.jpg,../gallery_03_03_23_tray1/horizontal/rgb/seedlings_2_1.jpg,../gallery_03_03_23_tray1/vertical/depth/seedlings_2_1.jpg,../gallery_03_03_23_tray1/horizontal/depth/seedlings_2_1.jpg
68.13,10438,143,151,5389,135,86,../gallery_03_03_23_tray1/vertical/mask/seedlings_mask_2_2.jpg,../gallery_03_03_23_tray1/horizontal/mask/seedlings_mask_2_2.jpg,../gallery_03_03_23_tray1/vertical/rgb/seedlings_2_2.jpg,../gallery_03_03_23_tray1/horizontal/rgb/seedlings_2_2.jpg,../gallery_03_03_23_tray1/vertical/depth/seedlings_2_2.jpg,../gallery_03_03_23_tray1/horizontal/depth/seedlings_2_2.jpg
66.84,12134,175,135,7099,135,111,../gallery_03_03_23_tray1/vertical/mask/seedlings_mask_2_3.jpg,../gallery_03_03_23_tray1/horizontal/mask/seedlings_mask_2_3.jpg,../gallery_03_03_23_tray1/vertical/rgb/seedlings_2_3.jpg,../gallery_03_03_23_tray1/horizontal/rgb/seedlings_2_3.jpg,../gallery_03_03_23_tray1/vertical/depth/seedlings_2_3.jpg,../gallery_03_03_23_tray1/horizontal/depth/seedlings_2_3.jpg
73.76,10606,183,119,5055,103,78,../gallery_03_03_23_tray1/vertical/mask/seedlings_mask_2_4.jpg,../gallery_03_03_23_tray1/horizontal/mask/seedlings_mask_2_4.jpg,../gallery_03_03_23_tray1/vertical/rgb/seedlings_2_4.jpg,../gallery_03_03_23_tray1/horizontal/rgb/seedlings_2_4.jpg,../gallery_03_03_23_tray1/vertical/depth/seedlings_2_4.jpg,../gallery_03_03_23_tray1/horizontal/depth/seedlings_2_4.jpg
75.76,15895,255,143,6363,143,79,../gallery_03_03_23_tray1/vertical/mask/seedlings_mask_2_5.jpg,../gallery_03_03_23_tray1/horizontal/mask/seedlings_mask_2_5.jpg,../gallery_03_03_23_tray1/vertical/rgb/seedlings_2_5.jpg,../gallery_03_03_23_tray1/horizontal/rgb/seedlings_2_5.jpg,../gallery_03_03_23_tray1/vertical/depth/seedlings_2_5.jpg,../gallery_03_03_23_tray1/horizontal/depth/seedlings_2_5.jpg
69.07,12095,127,151,5784,135,79,../gallery_03_03_23_tray1/vertical/mask/seedlings_mask_2_6.jpg,../gallery_03_03_23_tray1/horizontal/mask/seedlings_mask_2_6.jpg,../gallery_03_03_23_tray1/vertical/rgb/seedlings_2_6.jpg,../gallery_03_03_23_tray1/horizontal/rgb/seedlings_2_6.jpg,../gallery_03_03_23_tray1/vertical/depth/seedlings_2_6.jpg,../gallery_03_03_23_tray1/horizontal/depth/seedlings_2_6.jpg
69.38,13282,151,199,5355,143,111,../gallery_03_03_23_tray1/vertical/mask/seedlings_mask_3_4.jpg,../gallery_03_03_23_tray1/horizontal/mask/seedlings_mask_3_4.jpg,../gallery_03_03_23_tray1/vertical/rgb/seedlings_3_4.jpg,../gallery_03_03_23_tray1/horizontal/rgb/seedlings_3_4.jpg,../gallery_03_03_23_tray1/vertical/depth/seedlings_3_4.jpg,../gallery_03_03_23_tray1/horizontal/depth/seedlings_3_4.jpg
69.3,12245,135,183,5192,127,95,../gallery_03_03_23_tray1/vertical/mask/seedlings_mask_3_5.jpg,../gallery_03_03_23_tray1/horizontal/mask/seedlings_mask_3_5.jpg,../gallery_03_03_23_tray1/vertical/rgb/seedlings_3_5.jpg,../gallery_03_03_23_tray1/horizontal/rgb/seedlings_3_5.jpg,../gallery_03_03_23_tray1/vertical/depth/seedlings_3_5.jpg,../gallery_03_03_23_tray1/horizontal/depth/seedlings_3_5.jpg
74.93,14336,215,135,6168,143,94,../gallery_03_03_23_tray1/vertical/mask/seedlings_mask_3_6.jpg,../gallery_03_03_23_tray1/horizontal/mask/seedlings_mask_3_6.jpg,../gallery_03_03_23_tray1/vertical/rgb/seedlings_3_6.jpg,../gallery_03_03_23_tray1/horizontal/rgb/seedlings_3_6.jpg,../gallery_03_03_23_tray1/vertical/depth/seedlings_3_6.jpg,../gallery_03_03_23_tray1/horizontal/depth/seedlings_3_6.jpg
82.65,18532,247,159,6511,127,95,../gallery_03_03_23_tray1/vertical/mask/seedlings_mask_4_1.jpg,../gallery_03_03_23_tray1/horizontal/mask/seedlings_mask_4_1.jpg,../gallery_03_03_23_tray1/vertical/rgb/seedlings_4_1.jpg,../gallery_03_03_23_tray1/horizontal/rgb/seedlings_4_1.jpg,../gallery_03_03_23_tray1/vertical/depth/seedlings_4_1.jpg,../gallery_03_03_23_tray1/horizontal/depth/seedlings_4_1.jpg
35.37,9673,159,127,4416,103,71,../gallery_03_03_23_tray1/vertical/mask/seedlings_mask_4_2.jpg,../gallery_03_03_23_tray1/horizontal/mask/seedlings_mask_4_2.jpg,../gallery_03_03_23_tray1/vertical/rgb/seedlings_4_2.jpg,../gallery_03_03_23_tray1/horizontal/rgb/seedlings_4_2.jpg,../gallery_03_03_23_tray1/vertical/depth/seedlings_4_2.jpg,../gallery_03_03_23_tray1/horizontal/depth/seedlings_4_2.jpg
64.7,15920,158,207,4548,95,119,../gallery_03_03_23_tray1/vertical/mask/seedlings_mask_4_3.jpg,../gallery_03_03_23_tray1/horizontal/mask/seedlings_mask_4_3.jpg,../gallery_03_03_23_tray1/vertical/rgb/seedlings_4_3.jpg,../gallery_03_03_23_tray1/horizontal/rgb/seedlings_4_3.jpg,../gallery_03_03_23_tray1/vertical/depth/seedlings_4_3.jpg,../gallery_03_03_23_tray1/horizontal/depth/seedlings_4_3.jpg
77.27,14474,159,143,6177,127,79,../gallery_03_03_23_tray1/vertical/mask/seedlings_mask_4_4.jpg,../gallery_03_03_23_tray1/horizontal/mask/seedlings_mask_4_4.jpg,../gallery_03_03_23_tray1/vertical/rgb/seedlings_4_4.jpg,../gallery_03_03_23_tray1/horizontal/rgb/seedlings_4_4.jpg,../gallery_03_03_23_tray1/vertical/depth/seedlings_4_4.jpg,../gallery_03_03_23_tray1/horizontal/depth/seedlings_4_4.jpg
70.67,13393,191,191,7032,127,127,../gallery_03_03_23_tray1/vertical/mask/seedlings_mask_4_5.jpg,../gallery_03_03_23_tray1/horizontal/mask/seedlings_mask_4_5.jpg,../gallery_03_03_23_tray1/vertical/rgb/seedlings_4_5.jpg,../gallery_03_03_23_tray1/horizontal/rgb/seedlings_4_5.jpg,../gallery_03_03_23_tray1/vertical/depth/seedlings_4_5.jpg,../gallery_03_03_23_tray1/horizontal/depth/seedlings_4_5.jpg
82.68,17060,191,247,6545,135,135,../gallery_03_03_23_tray1/vertical/mask/seedlings_mask_4_6.jpg,../gallery_03_03_23_tray1/horizontal/mask/seedlings_mask_4_6.jpg,../gallery_03_03_23_tray1/vertical/rgb/seedlings_4_6.jpg,../gallery_03_03_23_tray1/horizontal/rgb/seedlings_4_6.jpg,../gallery_03_03_23_tray1/vertical/depth/seedlings_4_6.jpg,../gallery_03_03_23_tray1/horizontal/depth/seedlings_4_6.jpg
89.4,24882,303,159,6130,119,95,../gallery_03_03_23_tray1/vertical/mask/seedlings_mask_5_2.jpg,../gallery_03_03_23_tray1/horizontal/mask/seedlings_mask_5_2.jpg,../gallery_03_03_23_tray1/vertical/rgb/seedlings_5_2.jpg,../gallery_03_03_23_tray1/horizontal/rgb/seedlings_5_2.jpg,../gallery_03_03_23_tray1/vertical/depth/seedlings_5_2.jpg,../gallery_03_03_23_tray1/horizontal/depth/seedlings_5_2.jpg
99.01,24481,231,223,6532,151,119,../gallery_03_03_23_tray1/vertical/mask/seedlings_mask_5_3.jpg,../gallery_03_03_23_tray1/horizontal/mask/seedlings_mask_5_3.jpg,../gallery_03_03_23_tray1/vertical/rgb/seedlings_5_3.jpg,../gallery_03_03_23_tray1/horizontal/rgb/seedlings_5_3.jpg,../gallery_03_03_23_tray1/vertical/depth/seedlings_5_3.jpg,../gallery_03_03_23_tray1/horizontal/depth/seedlings_5_3.jpg
66.8,12188,135,223,5474,111,119,../gallery_03_03_23_tray1/vertical/mask/seedlings_mask_5_4.jpg,../gallery_03_03_23_tray1/horizontal/mask/seedlings_mask_5_4.jpg,../gallery_03_03_23_tray1/vertical/rgb/seedlings_5_4.jpg,../gallery_03_03_23_tray1/horizontal/rgb/seedlings_5_4.jpg,../gallery_03_03_23_tray1/vertical/depth/seedlings_5_4.jpg,../gallery_03_03_23_tray1/horizontal/depth/seedlings_5_4.jpg
87.52,13112,231,95,5848,119,95,../gallery_03_03_23_tray1/vertical/mask/seedlings_mask_5_5.jpg,../gallery_03_03_23_tray1/horizontal/mask/seedlings_mask_5_5.jpg,../gallery_03_03_23_tray1/vertical/rgb/seedlings_5_5.jpg,../gallery_03_03_23_tray1/horizontal/rgb/seedlings_5_5.jpg,../gallery_03_03_23_tray1/vertical/depth/seedlings_5_5.jpg,../gallery_03_03_23_tray1/horizontal/depth/seedlings_5_5.jpg
72.15,17137,239,159,5919,119,102,../gallery_03_03_23_tray1/vertical/mask/seedlings_mask_5_6.jpg,../gallery_03_03_23_tray1/horizontal/mask/seedlings_mask_5_6.jpg,../gallery_03_03_23_tray1/vertical/rgb/seedlings_5_6.jpg,../gallery_03_03_23_tray1/horizontal/rgb/seedlings_5_6.jpg,../gallery_03_03_23_tray1/vertical/depth/seedlings_5_6.jpg,../gallery_03_03_23_tray1/horizontal/depth/seedlings_5_6.jpg
51.34,8095,103,151,4750,95,95,../gallery_03_03_23_tray1/vertical/mask/seedlings_mask_6_1.jpg,../gallery_03_03_23_tray1/horizontal/mask/seedlings_mask_6_1.jpg,../gallery_03_03_23_tray1/vertical/rgb/seedlings_6_1.jpg,../gallery_03_03_23_tray1/horizontal/rgb/seedlings_6_1.jpg,../gallery_03_03_23_tray1/vertical/depth/seedlings_6_1.jpg,../gallery_03_03_23_tray1/horizontal/depth/seedlings_6_1.jpg
73.92,16737,215,143,5785,143,79,../gallery_03_03_23_tray1/vertical/mask/seedlings_mask_6_3.jpg,../gallery_03_03_23_tray1/horizontal/mask/seedlings_mask_6_3.jpg,../gallery_03_03_23_tray1/vertical/rgb/seedlings_6_3.jpg,../gallery_03_03_23_tray1/horizontal/rgb/seedlings_6_3.jpg,../gallery_03_03_23_tray1/vertical/depth/seedlings_6_3.jpg,../gallery_03_03_23_tray1/horizontal/depth/seedlings_6_3.jpg
93.95,19593,183,247,6700,127,134,../gallery_03_03_23_tray1/vertical/mask/seedlings_mask_6_4.jpg,../gallery_03_03_23_tray1/horizontal/mask/seedlings_mask_6_4.jpg,../gallery_03_03_23_tray1/vertical/rgb/seedlings_6_4.jpg,../gallery_03_03_23_tray1/horizontal/rgb/seedlings_6_4.jpg,../gallery_03_03_23_tray1/vertical/depth/seedlings_6_4.jpg,../gallery_03_03_23_tray1/horizontal/depth/seedlings_6_4.jpg
71.23,12850,159,159,6044,119,95,../gallery_03_03_23_tray1/vertical/mask/seedlings_mask_6_5.jpg,../gallery_03_03_23_tray1/horizontal/mask/seedlings_mask_6_5.jpg,../gallery_03_03_23_tray1/vertical/rgb/seedlings_6_5.jpg,../gallery_03_03_23_tray1/horizontal/rgb/seedlings_6_5.jpg,../gallery_03_03_23_tray1/vertical/depth/seedlings_6_5.jpg,../gallery_03_03_23_tray1/horizontal/depth/seedlings_6_5.jpg
88.12,19932,175,223,6235,127,119,../gallery_03_03_23_tray1/vertical/mask/seedlings_mask_6_6.jpg,../gallery_03_03_23_tray1/horizontal/mask/seedlings_mask_6_6.jpg,../gallery_03_03_23_tray1/vertical/rgb/seedlings_6_6.jpg,../gallery_03_03_23_tray1/horizontal/rgb/seedlings_6_6.jpg,../gallery_03_03_23_tray1/vertical/depth/seedlings_6_6.jpg,../gallery_03_03_23_tray1/horizontal/depth/seedlings_6_6.jpg
65.67,6779,167,71,6279,135,103,../gallery_03_03_23_tray1/vertical/mask/seedlings_mask_7_1.jpg,../gallery_03_03_23_tray1/horizontal/mask/seedlings_mask_7_1.jpg,../gallery_03_03_23_tray1/vertical/rgb/seedlings_7_1.jpg,../gallery_03_03_23_tray1/horizontal/rgb/seedlings_7_1.jpg,../gallery_03_03_23_tray1/vertical/depth/seedlings_7_1.jpg,../gallery_03_03_23_tray1/horizontal/depth/seedlings_7_1.jpg
70.76,7156,135,79,5278,103,110,../gallery_03_03_23_tray1/vertical/mask/seedlings_mask_7_2.jpg,../gallery_03_03_23_tray1/horizontal/mask/seedlings_mask_7_2.jpg,../gallery_03_03_23_tray1/vertical/rgb/seedlings_7_2.jpg,../gallery_03_03_23_tray1/horizontal/rgb/seedlings_7_2.jpg,../gallery_03_03_23_tray1/vertical/depth/seedlings_7_2.jpg,../gallery_03_03_23_tray1/horizontal/depth/seedlings_7_2.jpg
91.15,21183,223,191,5899,135,102,../gallery_03_03_23_tray1/vertical/mask/seedlings_mask_7_3.jpg,../gallery_03_03_23_tray1/horizontal/mask/seedlings_mask_7_3.jpg,../gallery_03_03_23_tray1/vertical/rgb/seedlings_7_3.jpg,../gallery_03_03_23_tray1/horizontal/rgb/seedlings_7_3.jpg,../gallery_03_03_23_tray1/vertical/depth/seedlings_7_3.jpg,../gallery_03_03_23_tray1/horizontal/depth/seedlings_7_3.jpg
98.44,22989,215,239,6928,150,135,../gallery_03_03_23_tray1/vertical/mask/seedlings_mask_7_4.jpg,../gallery_03_03_23_tray1/horizontal/mask/seedlings_mask_7_4.jpg,../gallery_03_03_23_tray1/vertical/rgb/seedlings_7_4.jpg,../gallery_03_03_23_tray1/horizontal/rgb/seedlings_7_4.jpg,../gallery_03_03_23_tray1/vertical/depth/seedlings_7_4.jpg,../gallery_03_03_23_tray1/horizontal/depth/seedlings_7_4.jpg
67.3,13429,151,151,6450,127,102,../gallery_03_03_23_tray1/vertical/mask/seedlings_mask_8_1.jpg,../gallery_03_03_23_tray1/horizontal/mask/seedlings_mask_8_1.jpg,../gallery_03_03_23_tray1/vertical/rgb/seedlings_8_1.jpg,../gallery_03_03_23_tray1/horizontal/rgb/seedlings_8_1.jpg,../gallery_03_03_23_tray1/vertical/depth/seedlings_8_1.jpg,../gallery_03_03_23_tray1/horizontal/depth/seedlings_8_1.jpg
51.93,15668,191,158,5657,119,87,../gallery_03_03_23_tray1/vertical/mask/seedlings_mask_8_2.jpg,../gallery_03_03_23_tray1/horizontal/mask/seedlings_mask_8_2.jpg,../gallery_03_03_23_tray1/vertical/rgb/seedlings_8_2.jpg,../gallery_03_03_23_tray1/horizontal/rgb/seedlings_8_2.jpg,../gallery_03_03_23_tray1/vertical/depth/seedlings_8_2.jpg,../gallery_03_03_23_tray1/horizontal/depth/seedlings_8_2.jpg
84.0,20740,303,167,6279,127,95,../gallery_03_03_23_tray1/vertical/mask/seedlings_mask_8_3.jpg,../gallery_03_03_23_tray1/horizontal/mask/seedlings_mask_8_3.jpg,../gallery_03_03_23_tray1/vertical/rgb/seedlings_8_3.jpg,../gallery_03_03_23_tray1/horizontal/rgb/seedlings_8_3.jpg,../gallery_03_03_23_tray1/vertical/depth/seedlings_8_3.jpg,../gallery_03_03_23_tray1/horizontal/depth/seedlings_8_3.jpg
84.68,20490,255,191,6043,135,111,../gallery_03_03_23_tray1/vertical/mask/seedlings_mask_8_4.jpg,../gallery_03_03_23_tray1/horizontal/mask/seedlings_mask_8_4.jpg,../gallery_03_03_23_tray1/vertical/rgb/seedlings_8_4.jpg,../gallery_03_03_23_tray1/horizontal/rgb/seedlings_8_4.jpg,../gallery_03_03_23_tray1/vertical/depth/seedlings_8_4.jpg,../gallery_03_03_23_tray1/horizontal/depth/seedlings_8_4.jpg
80.68,19930,247,159,5618,127,95,../gallery_03_03_23_tray1/vertical/mask/seedlings_mask_8_5.jpg,../gallery_03_03_23_tray1/horizontal/mask/seedlings_mask_8_5.jpg,../gallery_03_03_23_tray1/vertical/rgb/seedlings_8_5.jpg,../gallery_03_03_23_tray1/horizontal/rgb/seedlings_8_5.jpg,../gallery_03_03_23_tray1/vertical/depth/seedlings_8_5.jpg,../gallery_03_03_23_tray1/horizontal/depth/seedlings_8_5.jpg
89.97,15477,215,159,6912,135,102,../gallery_03_03_23_tray1/vertical/mask/seedlings_mask_8_6.jpg,../gallery_03_03_23_tray1/horizontal/mask/seedlings_mask_8_6.jpg,../gallery_03_03_23_tray1/vertical/rgb/seedlings_8_6.jpg,../gallery_03_03_23_tray1/horizontal/rgb/seedlings_8_6.jpg,../gallery_03_03_23_tray1/vertical/depth/seedlings_8_6.jpg,../gallery_03_03_23_tray1/horizontal/depth/seedlings_8_6.jpg
71.62,9623,175,103,5177,119,79,../gallery_03_03_23_tray1/vertical/mask/seedlings_mask_9_1.jpg,../gallery_03_03_23_tray1/horizontal/mask/seedlings_mask_9_1.jpg,../gallery_03_03_23_tray1/vertical/rgb/seedlings_9_1.jpg,../gallery_03_03_23_tray1/horizontal/rgb/seedlings_9_1.jpg,../gallery_03_03_23_tray1/vertical/depth/seedlings_9_1.jpg,../gallery_03_03_23_tray1/horizontal/depth/seedlings_9_1.jpg
91.62,16972,199,215,5987,119,119,../gallery_03_03_23_tray1/vertical/mask/seedlings_mask_9_3.jpg,../gallery_03_03_23_tray1/horizontal/mask/seedlings_mask_9_3.jpg,../gallery_03_03_23_tray1/vertical/rgb/seedlings_9_3.jpg,../gallery_03_03_23_tray1/horizontal/rgb/seedlings_9_3.jpg,../gallery_03_03_23_tray1/vertical/depth/seedlings_9_3.jpg,../gallery_03_03_23_tray1/horizontal/depth/seedlings_9_3.jpg
93.36,18082,143,223,7482,111,167,../gallery_03_03_23_tray1/vertical/mask/seedlings_mask_9_4.jpg,../gallery_03_03_23_tray1/horizontal/mask/seedlings_mask_9_4.jpg,../gallery_03_03_23_tray1/vertical/rgb/seedlings_9_4.jpg,../gallery_03_03_23_tray1/horizontal/rgb/seedlings_9_4.jpg,../gallery_03_03_23_tray1/vertical/depth/seedlings_9_4.jpg,../gallery_03_03_23_tray1/horizontal/depth/seedlings_9_4.jpg
73.18,12521,159,151,7035,135,127,../gallery_03_03_23_tray1/vertical/mask/seedlings_mask_9_5.jpg,../gallery_03_03_23_tray1/horizontal/mask/seedlings_mask_9_5.jpg,../gallery_03_03_23_tray1/vertical/rgb/seedlings_9_5.jpg,../gallery_03_03_23_tray1/horizontal/rgb/seedlings_9_5.jpg,../gallery_03_03_23_tray1/vertical/depth/seedlings_9_5.jpg,../gallery_03_03_23_tray1/horizontal/depth/seedlings_9_5.jpg
80.93,21719,183,255,9168,150,167,../gallery_03_03_23_tray1/vertical/mask/seedlings_mask_9_6.jpg,../gallery_03_03_23_tray1/horizontal/mask/seedlings_mask_9_6.jpg,../gallery_03_03_23_tray1/vertical/rgb/seedlings_9_6.jpg,../gallery_03_03_23_tray1/horizontal/rgb/seedlings_9_6.jpg,../gallery_03_03_23_tray1/vertical/depth/seedlings_9_6.jpg,../gallery_03_03_23_tray1/horizontal/depth/seedlings_9_6.jpg
61.6,11590,143,143,6898,127,119,../gallery_03_03_23_tray1/vertical/mask/seedlings_mask_10_1.jpg,../gallery_03_03_23_tray1/horizontal/mask/seedlings_mask_10_1.jpg,../gallery_03_03_23_tray1/vertical/rgb/seedlings_10_1.jpg,../gallery_03_03_23_tray1/horizontal/rgb/seedlings_10_1.jpg,../gallery_03_03_23_tray1/vertical/depth/seedlings_10_1.jpg,../gallery_03_03_23_tray1/horizontal/depth/seedlings_10_1.jpg
74.73,15845,231,135,5949,111,119,../gallery_03_03_23_tray1/vertical/mask/seedlings_mask_10_2.jpg,../gallery_03_03_23_tray1/horizontal/mask/seedlings_mask_10_2.jpg,../gallery_03_03_23_tray1/vertical/rgb/seedlings_10_2.jpg,../gallery_03_03_23_tray1/horizontal/rgb/seedlings_10_2.jpg,../gallery_03_03_23_tray1/vertical/depth/seedlings_10_2.jpg,../gallery_03_03_23_tray1/horizontal/depth/seedlings_10_2.jpg
74.65,18568,295,151,5285,103,103,../gallery_03_03_23_tray1/vertical/mask/seedlings_mask_10_3.jpg,../gallery_03_03_23_tray1/horizontal/mask/seedlings_mask_10_3.jpg,../gallery_03_03_23_tray1/vertical/rgb/seedlings_10_3.jpg,../gallery_03_03_23_tray1/horizontal/rgb/seedlings_10_3.jpg,../gallery_03_03_23_tray1/vertical/depth/seedlings_10_3.jpg,../gallery_03_03_23_tray1/horizontal/depth/seedlings_10_3.jpg
60.41,17890,191,198,6307,127,119,../gallery_03_03_23_tray1/vertical/mask/seedlings_mask_10_4.jpg,../gallery_03_03_23_tray1/horizontal/mask/seedlings_mask_10_4.jpg,../gallery_03_03_23_tray1/vertical/rgb/seedlings_10_4.jpg,../gallery_03_03_23_tray1/horizontal/rgb/seedlings_10_4.jpg,../gallery_03_03_23_tray1/vertical/depth/seedlings_10_4.jpg,../gallery_03_03_23_tray1/horizontal/depth/seedlings_10_4.jpg
86.0,22932,263,158,6048,127,103,../gallery_03_03_23_tray1/vertical/mask/seedlings_mask_10_5.jpg,../gallery_03_03_23_tray1/horizontal/mask/seedlings_mask_10_5.jpg,../gallery_03_03_23_tray1/vertical/rgb/seedlings_10_5.jpg,../gallery_03_03_23_tray1/horizontal/rgb/seedlings_10_5.jpg,../gallery_03_03_23_tray1/vertical/depth/seedlings_10_5.jpg,../gallery_03_03_23_tray1/horizontal/depth/seedlings_10_5.jpg
95.95,26035,223,279,6466,135,159,../gallery_03_03_23_tray1/vertical/mask/seedlings_mask_10_6.jpg,../gallery_03_03_23_tray1/horizontal/mask/seedlings_mask_10_6.jpg,../gallery_03_03_23_tray1/vertical/rgb/seedlings_10_6.jpg,../gallery_03_03_23_tray1/horizontal/rgb/seedlings_10_6.jpg,../gallery_03_03_23_tray1/vertical/depth/seedlings_10_6.jpg,../gallery_03_03_23_tray1/horizontal/depth/seedlings_10_6.jpg
59.36,9466,95,175,6201,119,111,../gallery_03_03_23_tray1/vertical/mask/seedlings_mask_11_1.jpg,../gallery_03_03_23_tray1/horizontal/mask/seedlings_mask_11_1.jpg,../gallery_03_03_23_tray1/vertical/rgb/seedlings_11_1.jpg,../gallery_03_03_23_tray1/horizontal/rgb/seedlings_11_1.jpg,../gallery_03_03_23_tray1/vertical/depth/seedlings_11_1.jpg,../gallery_03_03_23_tray1/horizontal/depth/seedlings_11_1.jpg
55.89,10914,127,159,5470,119,87,../gallery_03_03_23_tray1/vertical/mask/seedlings_mask_11_3.jpg,../gallery_03_03_23_tray1/horizontal/mask/seedlings_mask_11_3.jpg,../gallery_03_03_23_tray1/vertical/rgb/seedlings_11_3.jpg,../gallery_03_03_23_tray1/horizontal/rgb/seedlings_11_3.jpg,../gallery_03_03_23_tray1/vertical/depth/seedlings_11_3.jpg,../gallery_03_03_23_tray1/horizontal/depth/seedlings_11_3.jpg
76.08,17874,199,199,6204,127,103,../gallery_03_03_23_tray1/vertical/mask/seedlings_mask_11_4.jpg,../gallery_03_03_23_tray1/horizontal/mask/seedlings_mask_11_4.jpg,../gallery_03_03_23_tray1/vertical/rgb/seedlings_11_4.jpg,../gallery_03_03_23_tray1/horizontal/rgb/seedlings_11_4.jpg,../gallery_03_03_23_tray1/vertical/depth/seedlings_11_4.jpg,../gallery_03_03_23_tray1/horizontal/depth/seedlings_11_4.jpg
72.42,10591,199,87,5081,127,55,../gallery_03_03_23_tray1/vertical/mask/seedlings_mask_11_5.jpg,../gallery_03_03_23_tray1/horizontal/mask/seedlings_mask_11_5.jpg,../gallery_03_03_23_tray1/vertical/rgb/seedlings_11_5.jpg,../gallery_03_03_23_tray1/horizontal/rgb/seedlings_11_5.jpg,../gallery_03_03_23_tray1/vertical/depth/seedlings_11_5.jpg,../gallery_03_03_23_tray1/horizontal/depth/seedlings_11_5.jpg
54.5,17459,159,239,6091,127,118,../gallery_03_03_23_tray1/vertical/mask/seedlings_mask_11_6.jpg,../gallery_03_03_23_tray1/horizontal/mask/seedlings_mask_11_6.jpg,../gallery_03_03_23_tray1/vertical/rgb/seedlings_11_6.jpg,../gallery_03_03_23_tray1/horizontal/rgb/seedlings_11_6.jpg,../gallery_03_03_23_tray1/vertical/depth/seedlings_11_6.jpg,../gallery_03_03_23_tray1/horizontal/depth/seedlings_11_6.jpg
79.28,11752,239,151,5205,127,87,../gallery_03_03_23_tray1/vertical/mask/seedlings_mask_12_1.jpg,../gallery_03_03_23_tray1/horizontal/mask/seedlings_mask_12_1.jpg,../gallery_03_03_23_tray1/vertical/rgb/seedlings_12_1.jpg,../gallery_03_03_23_tray1/horizontal/rgb/seedlings_12_1.jpg,../gallery_03_03_23_tray1/vertical/depth/seedlings_12_1.jpg,../gallery_03_03_23_tray1/horizontal/depth/seedlings_12_1.jpg
68.84,14627,175,207,6098,111,111,../gallery_03_03_23_tray1/vertical/mask/seedlings_mask_12_2.jpg,../gallery_03_03_23_tray1/horizontal/mask/seedlings_mask_12_2.jpg,../gallery_03_03_23_tray1/vertical/rgb/seedlings_12_2.jpg,../gallery_03_03_23_tray1/horizontal/rgb/seedlings_12_2.jpg,../gallery_03_03_23_tray1/vertical/depth/seedlings_12_2.jpg,../gallery_03_03_23_tray1/horizontal/depth/seedlings_12_2.jpg
64.73,15909,175,191,5841,126,111,../gallery_03_03_23_tray1/vertical/mask/seedlings_mask_12_3.jpg,../gallery_03_03_23_tray1/horizontal/mask/seedlings_mask_12_3.jpg,../gallery_03_03_23_tray1/vertical/rgb/seedlings_12_3.jpg,../gallery_03_03_23_tray1/horizontal/rgb/seedlings_12_3.jpg,../gallery_03_03_23_tray1/vertical/depth/seedlings_12_3.jpg,../gallery_03_03_23_tray1/horizontal/depth/seedlings_12_3.jpg
70.56,15238,175,271,5092,103,151,../gallery_03_03_23_tray1/vertical/mask/seedlings_mask_12_4.jpg,../gallery_03_03_23_tray1/horizontal/mask/seedlings_mask_12_4.jpg,../gallery_03_03_23_tray1/vertical/rgb/seedlings_12_4.jpg,../gallery_03_03_23_tray1/horizontal/rgb/seedlings_12_4.jpg,../gallery_03_03_23_tray1/vertical/depth/seedlings_12_4.jpg,../gallery_03_03_23_tray1/horizontal/depth/seedlings_12_4.jpg
30.26,3830,87,79,4392,103,55,../gallery_03_03_23_tray2/vertical/mask/seedlings_mask_1_4.jpg,../gallery_03_03_23_tray2/horizontal/mask/seedlings_mask_1_4.jpg,../gallery_03_03_23_tray2/vertical/rgb/seedlings_1_4.jpg,../gallery_03_03_23_tray2/horizontal/rgb/seedlings_1_4.jpg,../gallery_03_03_23_tray2/vertical/depth/seedlings_1_4.jpg,../gallery_03_03_23_tray2/horizontal/depth/seedlings_1_4.jpg
56.49,6519,135,79,5239,135,55,../gallery_03_03_23_tray2/vertical/mask/seedlings_mask_1_6.jpg,../gallery_03_03_23_tray2/horizontal/mask/seedlings_mask_1_6.jpg,../gallery_03_03_23_tray2/vertical/rgb/seedlings_1_6.jpg,../gallery_03_03_23_tray2/horizontal/rgb/seedlings_1_6.jpg,../gallery_03_03_23_tray2/vertical/depth/seedlings_1_6.jpg,../gallery_03_03_23_tray2/horizontal/depth/seedlings_1_6.jpg
49.92,9439,135,143,5116,119,71,../gallery_03_03_23_tray2/vertical/mask/seedlings_mask_2_1.jpg,../gallery_03_03_23_tray2/horizontal/mask/seedlings_mask_2_1.jpg,../gallery_03_03_23_tray2/vertical/rgb/seedlings_2_1.jpg,../gallery_03_03_23_tray2/horizontal/rgb/seedlings_2_1.jpg,../gallery_03_03_23_tray2/vertical/depth/seedlings_2_1.jpg,../gallery_03_03_23_tray2/horizontal/depth/seedlings_2_1.jpg
40.01,5606,103,95,4247,119,63,../gallery_03_03_23_tray2/vertical/mask/seedlings_mask_2_2.jpg,../gallery_03_03_23_tray2/horizontal/mask/seedlings_mask_2_2.jpg,../gallery_03_03_23_tray2/vertical/rgb/seedlings_2_2.jpg,../gallery_03_03_23_tray2/horizontal/rgb/seedlings_2_2.jpg,../gallery_03_03_23_tray2/vertical/depth/seedlings_2_2.jpg,../gallery_03_03_23_tray2/horizontal/depth/seedlings_2_2.jpg
53.3,10198,127,135,6507,134,95,../gallery_03_03_23_tray2/vertical/mask/seedlings_mask_2_3.jpg,../gallery_03_03_23_tray2/horizontal/mask/seedlings_mask_2_3.jpg,../gallery_03_03_23_tray2/vertical/rgb/seedlings_2_3.jpg,../gallery_03_03_23_tray2/horizontal/rgb/seedlings_2_3.jpg,../gallery_03_03_23_tray2/vertical/depth/seedlings_2_3.jpg,../gallery_03_03_23_tray2/horizontal/depth/seedlings_2_3.jpg
52.85,7543,111,127,5349,111,71,../gallery_03_03_23_tray2/vertical/mask/seedlings_mask_2_4.jpg,../gallery_03_03_23_tray2/horizontal/mask/seedlings_mask_2_4.jpg,../gallery_03_03_23_tray2/vertical/rgb/seedlings_2_4.jpg,../gallery_03_03_23_tray2/horizontal/rgb/seedlings_2_4.jpg,../gallery_03_03_23_tray2/vertical/depth/seedlings_2_4.jpg,../gallery_03_03_23_tray2/horizontal/depth/seedlings_2_4.jpg
54.36,8352,119,127,5716,135,71,../gallery_03_03_23_tray2/vertical/mask/seedlings_mask_2_5.jpg,../gallery_03_03_23_tray2/horizontal/mask/seedlings_mask_2_5.jpg,../gallery_03_03_23_tray2/vertical/rgb/seedlings_2_5.jpg,../gallery_03_03_23_tray2/horizontal/rgb/seedlings_2_5.jpg,../gallery_03_03_23_tray2/vertical/depth/seedlings_2_5.jpg,../gallery_03_03_23_tray2/horizontal/depth/seedlings_2_5.jpg
61.98,5174,79,103,5489,142,63,../gallery_03_03_23_tray2/vertical/mask/seedlings_mask_2_6.jpg,../gallery_03_03_23_tray2/horizontal/mask/seedlings_mask_2_6.jpg,../gallery_03_03_23_tray2/vertical/rgb/seedlings_2_6.jpg,../gallery_03_03_23_tray2/horizontal/rgb/seedlings_2_6.jpg,../gallery_03_03_23_tray2/vertical/depth/seedlings_2_6.jpg,../gallery_03_03_23_tray2/horizontal/depth/seedlings_2_6.jpg
40.17,10870,151,127,4791,103,71,../gallery_03_03_23_tray2/vertical/mask/seedlings_mask_3_1.jpg,../gallery_03_03_23_tray2/horizontal/mask/seedlings_mask_3_1.jpg,../gallery_03_03_23_tray2/vertical/rgb/seedlings_3_1.jpg,../gallery_03_03_23_tray2/horizontal/rgb/seedlings_3_1.jpg,../gallery_03_03_23_tray2/vertical/depth/seedlings_3_1.jpg,../gallery_03_03_23_tray2/horizontal/depth/seedlings_3_1.jpg
33.12,5845,95,103,4395,111,63,../gallery_03_03_23_tray2/vertical/mask/seedlings_mask_3_2.jpg,../gallery_03_03_23_tray2/horizontal/mask/seedlings_mask_3_2.jpg,../gallery_03_03_23_tray2/vertical/rgb/seedlings_3_2.jpg,../gallery_03_03_23_tray2/horizontal/rgb/seedlings_3_2.jpg,../gallery_03_03_23_tray2/vertical/depth/seedlings_3_2.jpg,../gallery_03_03_23_tray2/horizontal/depth/seedlings_3_2.jpg
51.68,11443,167,159,5556,119,79,../gallery_03_03_23_tray2/vertical/mask/seedlings_mask_3_3.jpg,../gallery_03_03_23_tray2/horizontal/mask/seedlings_mask_3_3.jpg,../gallery_03_03_23_tray2/vertical/rgb/seedlings_3_3.jpg,../gallery_03_03_23_tray2/horizontal/rgb/seedlings_3_3.jpg,../gallery_03_03_23_tray2/vertical/depth/seedlings_3_3.jpg,../gallery_03_03_23_tray2/horizontal/depth/seedlings_3_3.jpg
49.76,7024,87,135,6542,127,127,../gallery_03_03_23_tray2/vertical/mask/seedlings_mask_3_4.jpg,../gallery_03_03_23_tray2/horizontal/mask/seedlings_mask_3_4.jpg,../gallery_03_03_23_tray2/vertical/rgb/seedlings_3_4.jpg,../gallery_03_03_23_tray2/horizontal/rgb/seedlings_3_4.jpg,../gallery_03_03_23_tray2/vertical/depth/seedlings_3_4.jpg,../gallery_03_03_23_tray2/horizontal/depth/seedlings_3_4.jpg
45.07,7407,119,95,4625,119,55,../gallery_03_03_23_tray2/vertical/mask/seedlings_mask_3_5.jpg,../gallery_03_03_23_tray2/horizontal/mask/seedlings_mask_3_5.jpg,../gallery_03_03_23_tray2/vertical/rgb/seedlings_3_5.jpg,../gallery_03_03_23_tray2/horizontal/rgb/seedlings_3_5.jpg,../gallery_03_03_23_tray2/vertical/depth/seedlings_3_5.jpg,../gallery_03_03_23_tray2/horizontal/depth/seedlings_3_5.jpg
33.41,6616,103,118,4740,111,63,../gallery_03_03_23_tray2/vertical/mask/seedlings_mask_4_1.jpg,../gallery_03_03_23_tray2/horizontal/mask/seedlings_mask_4_1.jpg,../gallery_03_03_23_tray2/vertical/rgb/seedlings_4_1.jpg,../gallery_03_03_23_tray2/horizontal/rgb/seedlings_4_1.jpg,../gallery_03_03_23_tray2/vertical/depth/seedlings_4_1.jpg,../gallery_03_03_23_tray2/horizontal/depth/seedlings_4_1.jpg
52.13,10099,175,111,5718,127,95,../gallery_03_03_23_tray2/vertical/mask/seedlings_mask_4_4.jpg,../gallery_03_03_23_tray2/horizontal/mask/seedlings_mask_4_4.jpg,../gallery_03_03_23_tray2/vertical/rgb/seedlings_4_4.jpg,../gallery_03_03_23_tray2/horizontal/rgb/seedlings_4_4.jpg,../gallery_03_03_23_tray2/vertical/depth/seedlings_4_4.jpg,../gallery_03_03_23_tray2/horizontal/depth/seedlings_4_4.jpg
56.79,9775,135,119,5713,135,71,../gallery_03_03_23_tray2/vertical/mask/seedlings_mask_4_5.jpg,../gallery_03_03_23_tray2/horizontal/mask/seedlings_mask_4_5.jpg,../gallery_03_03_23_tray2/vertical/rgb/seedlings_4_5.jpg,../gallery_03_03_23_tray2/horizontal/rgb/seedlings_4_5.jpg,../gallery_03_03_23_tray2/vertical/depth/seedlings_4_5.jpg,../gallery_03_03_23_tray2/horizontal/depth/seedlings_4_5.jpg
62.48,10290,127,135,5708,127,87,../gallery_03_03_23_tray2/vertical/mask/seedlings_mask_5_1.jpg,../gallery_03_03_23_tray2/horizontal/mask/seedlings_mask_5_1.jpg,../gallery_03_03_23_tray2/vertical/rgb/seedlings_5_1.jpg,../gallery_03_03_23_tray2/horizontal/rgb/seedlings_5_1.jpg,../gallery_03_03_23_tray2/vertical/depth/seedlings_5_1.jpg,../gallery_03_03_23_tray2/horizontal/depth/seedlings_5_1.jpg
44.19,12196,159,159,5185,103,95,../gallery_03_03_23_tray2/vertical/mask/seedlings_mask_5_2.jpg,../gallery_03_03_23_tray2/horizontal/mask/seedlings_mask_5_2.jpg,../gallery_03_03_23_tray2/vertical/rgb/seedlings_5_2.jpg,../gallery_03_03_23_tray2/horizontal/rgb/seedlings_5_2.jpg,../gallery_03_03_23_tray2/vertical/depth/seedlings_5_2.jpg,../gallery_03_03_23_tray2/horizontal/depth/seedlings_5_2.jpg
51.24,11698,151,199,5246,110,111,../gallery_03_03_23_tray2/vertical/mask/seedlings_mask_5_3.jpg,../gallery_03_03_23_tray2/horizontal/mask/seedlings_mask_5_3.jpg,../gallery_03_03_23_tray2/vertical/rgb/seedlings_5_3.jpg,../gallery_03_03_23_tray2/horizontal/rgb/seedlings_5_3.jpg,../gallery_03_03_23_tray2/vertical/depth/seedlings_5_3.jpg,../gallery_03_03_23_tray2/horizontal/depth/seedlings_5_3.jpg
52.16,7576,87,119,6143,135,71,../gallery_03_03_23_tray2/vertical/mask/seedlings_mask_5_4.jpg,../gallery_03_03_23_tray2/horizontal/mask/seedlings_mask_5_4.jpg,../gallery_03_03_23_tray2/vertical/rgb/seedlings_5_4.jpg,../gallery_03_03_23_tray2/horizontal/rgb/seedlings_5_4.jpg,../gallery_03_03_23_tray2/vertical/depth/seedlings_5_4.jpg,../gallery_03_03_23_tray2/horizontal/depth/seedlings_5_4.jpg
58.39,10573,135,127,6615,143,79,../gallery_03_03_23_tray2/vertical/mask/seedlings_mask_5_6.jpg,../gallery_03_03_23_tray2/horizontal/mask/seedlings_mask_5_6.jpg,../gallery_03_03_23_tray2/vertical/rgb/seedlings_5_6.jpg,../gallery_03_03_23_tray2/horizontal/rgb/seedlings_5_6.jpg,../gallery_03_03_23_tray2/vertical/depth/seedlings_5_6.jpg,../gallery_03_03_23_tray2/horizontal/depth/seedlings_5_6.jpg
50.23,10223,119,191,4982,103,111,../gallery_03_03_23_tray2/vertical/mask/seedlings_mask_6_1.jpg,../gallery_03_03_23_tray2/horizontal/mask/seedlings_mask_6_1.jpg,../gallery_03_03_23_tray2/vertical/rgb/seedlings_6_1.jpg,../gallery_03_03_23_tray2/horizontal/rgb/seedlings_6_1.jpg,../gallery_03_03_23_tray2/vertical/depth/seedlings_6_1.jpg,../gallery_03_03_23_tray2/horizontal/depth/seedlings_6_1.jpg
69.04,20923,191,295,5971,111,166,../gallery_03_03_23_tray2/vertical/mask/seedlings_mask_6_4.jpg,../gallery_03_03_23_tray2/horizontal/mask/seedlings_mask_6_4.jpg,../gallery_03_03_23_tray2/vertical/rgb/seedlings_6_4.jpg,../gallery_03_03_23_tray2/horizontal/rgb/seedlings_6_4.jpg,../gallery_03_03_23_tray2/vertical/depth/seedlings_6_4.jpg,../gallery_03_03_23_tray2/horizontal/depth/seedlings_6_4.jpg
57.81,12556,143,237,5692,110,135,../gallery_03_03_23_tray2/vertical/mask/seedlings_mask_6_6.jpg,../gallery_03_03_23_tray2/horizontal/mask/seedlings_mask_6_6.jpg,../gallery_03_03_23_tray2/vertical/rgb/seedlings_6_6.jpg,../gallery_03_03_23_tray2/horizontal/rgb/seedlings_6_6.jpg,../gallery_03_03_23_tray2/vertical/depth/seedlings_6_6.jpg,../gallery_03_03_23_tray2/horizontal/depth/seedlings_6_6.jpg
57.34,10183,103,183,5049,103,103,../gallery_03_03_23_tray2/vertical/mask/seedlings_mask_7_1.jpg,../gallery_03_03_23_tray2/horizontal/mask/seedlings_mask_7_1.jpg,../gallery_03_03_23_tray2/vertical/rgb/seedlings_7_1.jpg,../gallery_03_03_23_tray2/horizontal/rgb/seedlings_7_1.jpg,../gallery_03_03_23_tray2/vertical/depth/seedlings_7_1.jpg,../gallery_03_03_23_tray2/horizontal/depth/seedlings_7_1.jpg
42.44,11681,135,191,4876,95,103,../gallery_03_03_23_tray2/vertical/mask/seedlings_mask_7_2.jpg,../gallery_03_03_23_tray2/horizontal/mask/seedlings_mask_7_2.jpg,../gallery_03_03_23_tray2/vertical/rgb/seedlings_7_2.jpg,../gallery_03_03_23_tray2/horizontal/rgb/seedlings_7_2.jpg,../gallery_03_03_23_tray2/vertical/depth/seedlings_7_2.jpg,../gallery_03_03_23_tray2/horizontal/depth/seedlings_7_2.jpg
50.23,10932,143,159,5194,103,87,../gallery_03_03_23_tray2/vertical/mask/seedlings_mask_7_4.jpg,../gallery_03_03_23_tray2/horizontal/mask/seedlings_mask_7_4.jpg,../gallery_03_03_23_tray2/vertical/rgb/seedlings_7_4.jpg,../gallery_03_03_23_tray2/horizontal/rgb/seedlings_7_4.jpg,../gallery_03_03_23_tray2/vertical/depth/seedlings_7_4.jpg,../gallery_03_03_23_tray2/horizontal/depth/seedlings_7_4.jpg
61.23,16043,191,247,5689,102,143,../gallery_03_03_23_tray2/vertical/mask/seedlings_mask_7_5.jpg,../gallery_03_03_23_tray2/horizontal/mask/seedlings_mask_7_5.jpg,../gallery_03_03_23_tray2/vertical/rgb/seedlings_7_5.jpg,../gallery_03_03_23_tray2/horizontal/rgb/seedlings_7_5.jpg,../gallery_03_03_23_tray2/vertical/depth/seedlings_7_5.jpg,../gallery_03_03_23_tray2/horizontal/depth/seedlings_7_5.jpg
53.71,10434,111,175,4263,103,95,../gallery_03_03_23_tray2/vertical/mask/seedlings_mask_8_1.jpg,../gallery_03_03_23_tray2/horizontal/mask/seedlings_mask_8_1.jpg,../gallery_03_03_23_tray2/vertical/rgb/seedlings_8_1.jpg,../gallery_03_03_23_tray2/horizontal/rgb/seedlings_8_1.jpg,../gallery_03_03_23_tray2/vertical/depth/seedlings_8_1.jpg,../gallery_03_03_23_tray2/horizontal/depth/seedlings_8_1.jpg
36.91,6795,103,127,4462,103,87,../gallery_03_03_23_tray2/vertical/mask/seedlings_mask_8_2.jpg,../gallery_03_03_23_tray2/horizontal/mask/seedlings_mask_8_2.jpg,../gallery_03_03_23_tray2/vertical/rgb/seedlings_8_2.jpg,../gallery_03_03_23_tray2/horizontal/rgb/seedlings_8_2.jpg,../gallery_03_03_23_tray2/vertical/depth/seedlings_8_2.jpg,../gallery_03_03_23_tray2/horizontal/depth/seedlings_8_2.jpg
47.59,10084,119,190,4999,103,103,../gallery_03_03_23_tray2/vertical/mask/seedlings_mask_8_4.jpg,../gallery_03_03_23_tray2/horizontal/mask/seedlings_mask_8_4.jpg,../gallery_03_03_23_tray2/vertical/rgb/seedlings_8_4.jpg,../gallery_03_03_23_tray2/horizontal/rgb/seedlings_8_4.jpg,../gallery_03_03_23_tray2/vertical/depth/seedlings_8_4.jpg,../gallery_03_03_23_tray2/horizontal/depth/seedlings_8_4.jpg
44.03,7472,135,95,4957,111,71,../gallery_03_03_23_tray2/vertical/mask/seedlings_mask_8_5.jpg,../gallery_03_03_23_tray2/horizontal/mask/seedlings_mask_8_5.jpg,../gallery_03_03_23_tray2/vertical/rgb/seedlings_8_5.jpg,../gallery_03_03_23_tray2/horizontal/rgb/seedlings_8_5.jpg,../gallery_03_03_23_tray2/vertical/depth/seedlings_8_5.jpg,../gallery_03_03_23_tray2/horizontal/depth/seedlings_8_5.jpg
38.6,8042,119,151,4534,111,79,../gallery_03_03_23_tray2/vertical/mask/seedlings_mask_9_1.jpg,../gallery_03_03_23_tray2/horizontal/mask/seedlings_mask_9_1.jpg,../gallery_03_03_23_tray2/vertical/rgb/seedlings_9_1.jpg,../gallery_03_03_23_tray2/horizontal/rgb/seedlings_9_1.jpg,../gallery_03_03_23_tray2/vertical/depth/seedlings_9_1.jpg,../gallery_03_03_23_tray2/horizontal/depth/seedlings_9_1.jpg
39.64,9686,103,175,4380,103,94,../gallery_03_03_23_tray2/vertical/mask/seedlings_mask_9_2.jpg,../gallery_03_03_23_tray2/horizontal/mask/seedlings_mask_9_2.jpg,../gallery_03_03_23_tray2/vertical/rgb/seedlings_9_2.jpg,../gallery_03_03_23_tray2/horizontal/rgb/seedlings_9_2.jpg,../gallery_03_03_23_tray2/vertical/depth/seedlings_9_2.jpg,../gallery_03_03_23_tray2/horizontal/depth/seedlings_9_2.jpg
61.12,12606,151,231,5398,103,127,../gallery_03_03_23_tray2/vertical/mask/seedlings_mask_9_4.jpg,../gallery_03_03_23_tray2/horizontal/mask/seedlings_mask_9_4.jpg,../gallery_03_03_23_tray2/vertical/rgb/seedlings_9_4.jpg,../gallery_03_03_23_tray2/horizontal/rgb/seedlings_9_4.jpg,../gallery_03_03_23_tray2/vertical/depth/seedlings_9_4.jpg,../gallery_03_03_23_tray2/horizontal/depth/seedlings_9_4.jpg
55.26,11669,135,239,4788,95,127,../gallery_03_03_23_tray2/vertical/mask/seedlings_mask_10_1.jpg,../gallery_03_03_23_tray2/horizontal/mask/seedlings_mask_10_1.jpg,../gallery_03_03_23_tray2/vertical/rgb/seedlings_10_1.jpg,../gallery_03_03_23_tray2/horizontal/rgb/seedlings_10_1.jpg,../gallery_03_03_23_tray2/vertical/depth/seedlings_10_1.jpg,../gallery_03_03_23_tray2/horizontal/depth/seedlings_10_1.jpg
57.93,15164,143,247,4925,95,135,../gallery_03_03_23_tray2/vertical/mask/seedlings_mask_10_2.jpg,../gallery_03_03_23_tray2/horizontal/mask/seedlings_mask_10_2.jpg,../gallery_03_03_23_tray2/vertical/rgb/seedlings_10_2.jpg,../gallery_03_03_23_tray2/horizontal/rgb/seedlings_10_2.jpg,../gallery_03_03_23_tray2/vertical/depth/seedlings_10_2.jpg,../gallery_03_03_23_tray2/horizontal/depth/seedlings_10_2.jpg
46.18,11117,119,215,4821,95,119,../gallery_03_03_23_tray2/vertical/mask/seedlings_mask_10_3.jpg,../gallery_03_03_23_tray2/horizontal/mask/seedlings_mask_10_3.jpg,../gallery_03_03_23_tray2/vertical/rgb/seedlings_10_3.jpg,../gallery_03_03_23_tray2/horizontal/rgb/seedlings_10_3.jpg,../gallery_03_03_23_tray2/vertical/depth/seedlings_10_3.jpg,../gallery_03_03_23_tray2/horizontal/depth/seedlings_10_3.jpg
47.76,10147,143,167,5101,111,95,../gallery_03_03_23_tray2/vertical/mask/seedlings_mask_10_4.jpg,../gallery_03_03_23_tray2/horizontal/mask/seedlings_mask_10_4.jpg,../gallery_03_03_23_tray2/vertical/rgb/seedlings_10_4.jpg,../gallery_03_03_23_tray2/horizontal/rgb/seedlings_10_4.jpg,../gallery_03_03_23_tray2/vertical/depth/seedlings_10_4.jpg,../gallery_03_03_23_tray2/horizontal/depth/seedlings_10_4.jpg
34.52,5012,79,111,4238,87,79,../gallery_03_03_23_tray2/vertical/mask/seedlings_mask_10_6.jpg,../gallery_03_03_23_tray2/horizontal/mask/seedlings_mask_10_6.jpg,../gallery_03_03_23_tray2/vertical/rgb/seedlings_10_6.jpg,../gallery_03_03_23_tray2/horizontal/rgb/seedlings_10_6.jpg,../gallery_03_03_23_tray2/vertical/depth/seedlings_10_6.jpg,../gallery_03_03_23_tray2/horizontal/depth/seedlings_10_6.jpg
59.18,10669,143,151,5052,111,71,../gallery_03_03_23_tray2/vertical/mask/seedlings_mask_11_1.jpg,../gallery_03_03_23_tray2/horizontal/mask/seedlings_mask_11_1.jpg,../gallery_03_03_23_tray2/vertical/rgb/seedlings_11_1.jpg,../gallery_03_03_23_tray2/horizontal/rgb/seedlings_11_1.jpg,../gallery_03_03_23_tray2/vertical/depth/seedlings_11_1.jpg,../gallery_03_03_23_tray2/horizontal/depth/seedlings_11_1.jpg
51.18,11110,103,231,4952,103,125,../gallery_03_03_23_tray2/vertical/mask/seedlings_mask_11_2.jpg,../gallery_03_03_23_tray2/horizontal/mask/seedlings_mask_11_2.jpg,../gallery_03_03_23_tray2/vertical/rgb/seedlings_11_2.jpg,../gallery_03_03_23_tray2/horizontal/rgb/seedlings_11_2.jpg,../gallery_03_03_23_tray2/vertical/depth/seedlings_11_2.jpg,../gallery_03_03_23_tray2/horizontal/depth/seedlings_11_2.jpg
42.05,4778,167,63,4111,95,63,../gallery_03_03_23_tray2/vertical/mask/seedlings_mask_11_3.jpg,../gallery_03_03_23_tray2/horizontal/mask/seedlings_mask_11_3.jpg,../gallery_03_03_23_tray2/vertical/rgb/seedlings_11_3.jpg,../gallery_03_03_23_tray2/horizontal/rgb/seedlings_11_3.jpg,../gallery_03_03_23_tray2/vertical/depth/seedlings_11_3.jpg,../gallery_03_03_23_tray2/horizontal/depth/seedlings_11_3.jpg
55.87,11662,127,215,5381,119,119,../gallery_03_03_23_tray2/vertical/mask/seedlings_mask_11_5.jpg,../gallery_03_03_23_tray2/horizontal/mask/seedlings_mask_11_5.jpg,../gallery_03_03_23_tray2/vertical/rgb/seedlings_11_5.jpg,../gallery_03_03_23_tray2/horizontal/rgb/seedlings_11_5.jpg,../gallery_03_03_23_tray2/vertical/depth/seedlings_11_5.jpg,../gallery_03_03_23_tray2/horizontal/depth/seedlings_11_5.jpg
29.64,5808,79,119,4146,103,71,../gallery_03_03_23_tray2/vertical/mask/seedlings_mask_11_6.jpg,../gallery_03_03_23_tray2/horizontal/mask/seedlings_mask_11_6.jpg,../gallery_03_03_23_tray2/vertical/rgb/seedlings_11_6.jpg,../gallery_03_03_23_tray2/horizontal/rgb/seedlings_11_6.jpg,../gallery_03_03_23_tray2/vertical/depth/seedlings_11_6.jpg,../gallery_03_03_23_tray2/horizontal/depth/seedlings_11_6.jpg
36.24,5235,103,111,4355,103,71,../gallery_03_03_23_tray2/vertical/mask/seedlings_mask_12_1.jpg,../gallery_03_03_23_tray2/horizontal/mask/seedlings_mask_12_1.jpg,../gallery_03_03_23_tray2/vertical/rgb/seedlings_12_1.jpg,../gallery_03_03_23_tray2/horizontal/rgb/seedlings_12_1.jpg,../gallery_03_03_23_tray2/vertical/depth/seedlings_12_1.jpg,../gallery_03_03_23_tray2/horizontal/depth/seedlings_12_1.jpg
50.45,12471,135,231,4702,103,119,../gallery_03_03_23_tray2/vertical/mask/seedlings_mask_12_3.jpg,../gallery_03_03_23_tray2/horizontal/mask/seedlings_mask_12_3.jpg,../gallery_03_03_23_tray2/vertical/rgb/seedlings_12_3.jpg,../gallery_03_03_23_tray2/horizontal/rgb/seedlings_12_3.jpg,../gallery_03_03_23_tray2/vertical/depth/seedlings_12_3.jpg,../gallery_03_03_23_tray2/horizontal/depth/seedlings_12_3.jpg
54.95,9708,103,175,4735,111,95,../gallery_03_03_23_tray2/vertical/mask/seedlings_mask_12_4.jpg,../gallery_03_03_23_tray2/horizontal/mask/seedlings_mask_12_4.jpg,../gallery_03_03_23_tray2/vertical/rgb/seedlings_12_4.jpg,../gallery_03_03_23_tray2/horizontal/rgb/seedlings_12_4.jpg,../gallery_03_03_23_tray2/vertical/depth/seedlings_12_4.jpg,../gallery_03_03_23_tray2/horizontal/depth/seedlings_12_4.jpg
28.43,6904,103,119,4042,87,71,../gallery_03_03_23_tray2/vertical/mask/seedlings_mask_12_5.jpg,../gallery_03_03_23_tray2/horizontal/mask/seedlings_mask_12_5.jpg,../gallery_03_03_23_tray2/vertical/rgb/seedlings_12_5.jpg,../gallery_03_03_23_tray2/horizontal/rgb/seedlings_12_5.jpg,../gallery_03_03_23_tray2/vertical/depth/seedlings_12_5.jpg,../gallery_03_03_23_tray2/horizontal/depth/seedlings_12_5.jpg
0.0,2130,39,63,2750,79,47,../gallery_17_03_23/vertical/mask/seedlings_mask_1_1.jpg,../gallery_17_03_23/horizontal/mask/seedlings_mask_1_1.jpg,../gallery_17_03_23/vertical/rgb/seedlings_1_1.jpg,../gallery_17_03_23/horizontal/rgb/seedlings_1_1.jpg,../gallery_17_03_23/vertical/depth/seedlings_1_1.jpg,../gallery_17_03_23/horizontal/depth/seedlings_1_1.jpg
58.89,5543,71,119,3921,87,94,../gallery_17_03_23/vertical/mask/seedlings_mask_1_2.jpg,../gallery_17_03_23/horizontal/mask/seedlings_mask_1_2.jpg,../gallery_17_03_23/vertical/rgb/seedlings_1_2.jpg,../gallery_17_03_23/horizontal/rgb/seedlings_1_2.jpg,../gallery_17_03_23/vertical/depth/seedlings_1_2.jpg,../gallery_17_03_23/horizontal/depth/seedlings_1_2.jpg
79.88,17848,159,263,5833,111,143,../gallery_17_03_23/vertical/mask/seedlings_mask_1_3.jpg,../gallery_17_03_23/horizontal/mask/seedlings_mask_1_3.jpg,../gallery_17_03_23/vertical/rgb/seedlings_1_3.jpg,../gallery_17_03_23/horizontal/rgb/seedlings_1_3.jpg,../gallery_17_03_23/vertical/depth/seedlings_1_3.jpg,../gallery_17_03_23/horizontal/depth/seedlings_1_3.jpg
79.35,14485,119,239,5715,111,126,../gallery_17_03_23/vertical/mask/seedlings_mask_1_4.jpg,../gallery_17_03_23/horizontal/mask/seedlings_mask_1_4.jpg,../gallery_17_03_23/vertical/rgb/seedlings_1_4.jpg,../gallery_17_03_23/horizontal/rgb/seedlings_1_4.jpg,../gallery_17_03_23/vertical/depth/seedlings_1_4.jpg,../gallery_17_03_23/horizontal/depth/seedlings_1_4.jpg
47.04,10478,135,151,4572,95,95,../gallery_17_03_23/vertical/mask/seedlings_mask_1_5.jpg,../gallery_17_03_23/horizontal/mask/seedlings_mask_1_5.jpg,../gallery_17_03_23/vertical/rgb/seedlings_1_5.jpg,../gallery_17_03_23/horizontal/rgb/seedlings_1_5.jpg,../gallery_17_03_23/vertical/depth/seedlings_1_5.jpg,../gallery_17_03_23/horizontal/depth/seedlings_1_5.jpg
62.63,11015,143,183,4545,103,102,../gallery_17_03_23/vertical/mask/seedlings_mask_2_1.jpg,../gallery_17_03_23/horizontal/mask/seedlings_mask_2_1.jpg,../gallery_17_03_23/vertical/rgb/seedlings_2_1.jpg,../gallery_17_03_23/horizontal/rgb/seedlings_2_1.jpg,../gallery_17_03_23/vertical/depth/seedlings_2_1.jpg,../gallery_17_03_23/horizontal/depth/seedlings_2_1.jpg
85.58,16886,167,303,4919,111,159,../gallery_17_03_23/vertical/mask/seedlings_mask_2_2.jpg,../gallery_17_03_23/horizontal/mask/seedlings_mask_2_2.jpg,../gallery_17_03_23/vertical/rgb/seedlings_2_2.jpg,../gallery_17_03_23/horizontal/rgb/seedlings_2_2.jpg,../gallery_17_03_23/vertical/depth/seedlings_2_2.jpg,../gallery_17_03_23/horizontal/depth/seedlings_2_2.jpg
88.74,16531,159,295,6038,111,175,../gallery_17_03_23/vertical/mask/seedlings_mask_2_3.jpg,../gallery_17_03_23/horizontal/mask/seedlings_mask_2_3.jpg,../gallery_17_03_23/vertical/rgb/seedlings_2_3.jpg,../gallery_17_03_23/horizontal/rgb/seedlings_2_3.jpg,../gallery_17_03_23/vertical/depth/seedlings_2_3.jpg,../gallery_17_03_23/horizontal/depth/seedlings_2_3.jpg
97.62,21777,191,343,7274,135,199,../gallery_17_03_23/vertical/mask/seedlings_mask_2_4.jpg,../gallery_17_03_23/horizontal/mask/seedlings_mask_2_4.jpg,../gallery_17_03_23/vertical/rgb/seedlings_2_4.jpg,../gallery_17_03_23/horizontal/rgb/seedlings_2_4.jpg,../gallery_17_03_23/vertical/depth/seedlings_2_4.jpg,../gallery_17_03_23/horizontal/depth/seedlings_2_4.jpg
79.39,11927,135,207,5249,127,111,../gallery_17_03_23/vertical/mask/seedlings_mask_2_5.jpg,../gallery_17_03_23/horizontal/mask/seedlings_mask_2_5.jpg,../gallery_17_03_23/vertical/rgb/seedlings_2_5.jpg,../gallery_17_03_23/horizontal/rgb/seedlings_2_5.jpg,../gallery_17_03_23/vertical/depth/seedlings_2_5.jpg,../gallery_17_03_23/horizontal/depth/seedlings_2_5.jpg
72.88,11433,111,159,4953,119,87,../gallery_17_03_23/vertical/mask/seedlings_mask_2_6.jpg,../gallery_17_03_23/horizontal/mask/seedlings_mask_2_6.jpg,../gallery_17_03_23/vertical/rgb/seedlings_2_6.jpg,../gallery_17_03_23/horizontal/rgb/seedlings_2_6.jpg,../gallery_17_03_23/vertical/depth/seedlings_2_6.jpg,../gallery_17_03_23/horizontal/depth/seedlings_2_6.jpg
84.69,14637,143,183,4706,127,103,../gallery_17_03_23/vertical/mask/seedlings_mask_3_1.jpg,../gallery_17_03_23/horizontal/mask/seedlings_mask_3_1.jpg,../gallery_17_03_23/vertical/rgb/seedlings_3_1.jpg,../gallery_17_03_23/horizontal/rgb/seedlings_3_1.jpg,../gallery_17_03_23/vertical/depth/seedlings_3_1.jpg,../gallery_17_03_23/horizontal/depth/seedlings_3_1.jpg
66.68,13642,134,231,4429,95,127,../gallery_17_03_23/vertical/mask/seedlings_mask_3_2.jpg,../gallery_17_03_23/horizontal/mask/seedlings_mask_3_2.jpg,../gallery_17_03_23/vertical/rgb/seedlings_3_2.jpg,../gallery_17_03_23/horizontal/rgb/seedlings_3_2.jpg,../gallery_17_03_23/vertical/depth/seedlings_3_2.jpg,../gallery_17_03_23/horizontal/depth/seedlings_3_2.jpg
108.55,25416,231,351,7306,143,191,../gallery_17_03_23/vertical/mask/seedlings_mask_3_3.jpg,../gallery_17_03_23/horizontal/mask/seedlings_mask_3_3.jpg,../gallery_17_03_23/vertical/rgb/seedlings_3_3.jpg,../gallery_17_03_23/horizontal/rgb/seedlings_3_3.jpg,../gallery_17_03_23/vertical/depth/seedlings_3_3.jpg,../gallery_17_03_23/horizontal/depth/seedlings_3_3.jpg
98.82,21850,151,295,6725,119,165,../gallery_17_03_23/vertical/mask/seedlings_mask_3_5.jpg,../gallery_17_03_23/horizontal/mask/seedlings_mask_3_5.jpg,../gallery_17_03_23/vertical/rgb/seedlings_3_5.jpg,../gallery_17_03_23/horizontal/rgb/seedlings_3_5.jpg,../gallery_17_03_23/vertical/depth/seedlings_3_5.jpg,../gallery_17_03_23/horizontal/depth/seedlings_3_5.jpg
92.31,19120,135,295,6538,119,159,../gallery_17_03_23/vertical/mask/seedlings_mask_4_1.jpg,../gallery_17_03_23/horizontal/mask/seedlings_mask_4_1.jpg,../gallery_17_03_23/vertical/rgb/seedlings_4_1.jpg,../gallery_17_03_23/horizontal/rgb/seedlings_4_1.jpg,../gallery_17_03_23/vertical/depth/seedlings_4_1.jpg,../gallery_17_03_23/horizontal/depth/seedlings_4_1.jpg
97.76,24398,207,359,7392,127,199,../gallery_17_03_23/vertical/mask/seedlings_mask_4_2.jpg,../gallery_17_03_23/horizontal/mask/seedlings_mask_4_2.jpg,../gallery_17_03_23/vertical/rgb/seedlings_4_2.jpg,../gallery_17_03_23/horizontal/rgb/seedlings_4_2.jpg,../gallery_17_03_23/vertical/depth/seedlings_4_2.jpg,../gallery_17_03_23/horizontal/depth/seedlings_4_2.jpg
96.18,21312,199,303,6713,127,181,../gallery_17_03_23/vertical/mask/seedlings_mask_4_3.jpg,../gallery_17_03_23/horizontal/mask/seedlings_mask_4_3.jpg,../gallery_17_03_23/vertical/rgb/seedlings_4_3.jpg,../gallery_17_03_23/horizontal/rgb/seedlings_4_3.jpg,../gallery_17_03_23/vertical/depth/seedlings_4_3.jpg,../gallery_17_03_23/horizontal/depth/seedlings_4_3.jpg
88.49,16758,183,319,5673,111,175,../gallery_17_03_23/vertical/mask/seedlings_mask_4_4.jpg,../gallery_17_03_23/horizontal/mask/seedlings_mask_4_4.jpg,../gallery_17_03_23/vertical/rgb/seedlings_4_4.jpg,../gallery_17_03_23/horizontal/rgb/seedlings_4_4.jpg,../gallery_17_03_23/vertical/depth/seedlings_4_4.jpg,../gallery_17_03_23/horizontal/depth/seedlings_4_4.jpg
101.04,18558,167,287,6797,143,150,../gallery_17_03_23/vertical/mask/seedlings_mask_4_5.jpg,../gallery_17_03_23/horizontal/mask/seedlings_mask_4_5.jpg,../gallery_17_03_23/vertical/rgb/seedlings_4_5.jpg,../gallery_17_03_23/horizontal/rgb/seedlings_4_5.jpg,../gallery_17_03_23/vertical/depth/seedlings_4_5.jpg,../gallery_17_03_23/horizontal/depth/seedlings_4_5.jpg
56.81,10148,127,199,3802,95,111,../gallery_17_03_23/vertical/mask/seedlings_mask_5_1.jpg,../gallery_17_03_23/horizontal/mask/seedlings_mask_5_1.jpg,../gallery_17_03_23/vertical/rgb/seedlings_5_1.jpg,../gallery_17_03_23/horizontal/rgb/seedlings_5_1.jpg,../gallery_17_03_23/vertical/depth/seedlings_5_1.jpg,../gallery_17_03_23/horizontal/depth/seedlings_5_1.jpg
93.75,18541,191,239,5247,111,126,../gallery_17_03_23/vertical/mask/seedlings_mask_5_3.jpg,../gallery_17_03_23/horizontal/mask/seedlings_mask_5_3.jpg,../gallery_17_03_23/vertical/rgb/seedlings_5_3.jpg,../gallery_17_03_23/horizontal/rgb/seedlings_5_3.jpg,../gallery_17_03_23/vertical/depth/seedlings_5_3.jpg,../gallery_17_03_23/horizontal/depth/seedlings_5_3.jpg
94.52,18689,175,271,6247,126,143,../gallery_17_03_23/vertical/mask/seedlings_mask_5_5.jpg,../gallery_17_03_23/horizontal/mask/seedlings_mask_5_5.jpg,../gallery_17_03_23/vertical/rgb/seedlings_5_5.jpg,../gallery_17_03_23/horizontal/rgb/seedlings_5_5.jpg,../gallery_17_03_23/vertical/depth/seedlings_5_5.jpg,../gallery_17_03_23/horizontal/depth/seedlings_5_5.jpg
54.09,10719,142,207,3847,79,119,../gallery_17_03_23/vertical/mask/seedlings_mask_6_1.jpg,../gallery_17_03_23/horizontal/mask/seedlings_mask_6_1.jpg,../gallery_17_03_23/vertical/rgb/seedlings_6_1.jpg,../gallery_17_03_23/horizontal/rgb/seedlings_6_1.jpg,../gallery_17_03_23/vertical/depth/seedlings_6_1.jpg,../gallery_17_03_23/horizontal/depth/seedlings_6_1.jpg
78.74,19851,159,271,5908,103,143,../gallery_17_03_23/vertical/mask/seedlings_mask_6_2.jpg,../gallery_17_03_23/horizontal/mask/seedlings_mask_6_2.jpg,../gallery_17_03_23/vertical/rgb/seedlings_6_2.jpg,../gallery_17_03_23/horizontal/rgb/seedlings_6_2.jpg,../gallery_17_03_23/vertical/depth/seedlings_6_2.jpg,../gallery_17_03_23/horizontal/depth/seedlings_6_2.jpg
92.55,20430,231,247,5237,111,111,../gallery_17_03_23/vertical/mask/seedlings_mask_6_4.jpg,../gallery_17_03_23/horizontal/mask/seedlings_mask_6_4.jpg,../gallery_17_03_23/vertical/rgb/seedlings_6_4.jpg,../gallery_17_03_23/horizontal/rgb/seedlings_6_4.jpg,../gallery_17_03_23/vertical/depth/seedlings_6_4.jpg,../gallery_17_03_23/horizontal/depth/seedlings_6_4.jpg
84.26,19937,167,271,5936,119,143,../gallery_17_03_23/vertical/mask/seedlings_mask_6_5.jpg,../gallery_17_03_23/horizontal/mask/seedlings_mask_6_5.jpg,../gallery_17_03_23/vertical/rgb/seedlings_6_5.jpg,../gallery_17_03_23/horizontal/rgb/seedlings_6_5.jpg,../gallery_17_03_23/vertical/depth/seedlings_6_5.jpg,../gallery_17_03_23/horizontal/depth/seedlings_6_5.jpg
77.09,14093,151,223,5459,111,127,../gallery_17_03_23/vertical/mask/seedlings_mask_7_1.jpg,../gallery_17_03_23/horizontal/mask/seedlings_mask_7_1.jpg,../gallery_17_03_23/vertical/rgb/seedlings_7_1.jpg,../gallery_17_03_23/horizontal/rgb/seedlings_7_1.jpg,../gallery_17_03_23/vertical/depth/seedlings_7_1.jpg,../gallery_17_03_23/horizontal/depth/seedlings_7_1.jpg
86.95,18674,151,295,6414,127,174,../gallery_17_03_23/vertical/mask/seedlings_mask_7_2.jpg,../gallery_17_03_23/horizontal/mask/seedlings_mask_7_2.jpg,../gallery_17_03_23/vertical/rgb/seedlings_7_2.jpg,../gallery_17_03_23/horizontal/rgb/seedlings_7_2.jpg,../gallery_17_03_23/vertical/depth/seedlings_7_2.jpg,../gallery_17_03_23/horizontal/depth/seedlings_7_2.jpg
57.3,9784,127,183,3815,87,103,../gallery_17_03_23/vertical/mask/seedlings_mask_8_3.jpg,../gallery_17_03_23/horizontal/mask/seedlings_mask_8_3.jpg,../gallery_17_03_23/vertical/rgb/seedlings_8_3.jpg,../gallery_17_03_23/horizontal/rgb/seedlings_8_3.jpg,../gallery_17_03_23/vertical/depth/seedlings_8_3.jpg,../gallery_17_03_23/horizontal/depth/seedlings_8_3.jpg
72.33,15731,159,263,5386,111,143,../gallery_17_03_23/vertical/mask/seedlings_mask_8_5.jpg,../gallery_17_03_23/horizontal/mask/seedlings_mask_8_5.jpg,../gallery_17_03_23/vertical/rgb/seedlings_8_5.jpg,../gallery_17_03_23/horizontal/rgb/seedlings_8_5.jpg,../gallery_17_03_23/vertical/depth/seedlings_8_5.jpg,../gallery_17_03_23/horizontal/depth/seedlings_8_5.jpg
96.3,23863,191,327,6933,143,151,../gallery_17_03_23/vertical/mask/seedlings_mask_9_1.jpg,../gallery_17_03_23/horizontal/mask/seedlings_mask_9_1.jpg,../gallery_17_03_23/vertical/rgb/seedlings_9_1.jpg,../gallery_17_03_23/horizontal/rgb/seedlings_9_1.jpg,../gallery_17_03_23/vertical/depth/seedlings_9_1.jpg,../gallery_17_03_23/horizontal/depth/seedlings_9_1.jpg
83.14,15771,151,319,5413,103,175,../gallery_17_03_23/vertical/mask/seedlings_mask_9_2.jpg,../gallery_17_03_23/horizontal/mask/seedlings_mask_9_2.jpg,../gallery_17_03_23/vertical/rgb/seedlings_9_2.jpg,../gallery_17_03_23/horizontal/rgb/seedlings_9_2.jpg,../gallery_17_03_23/vertical/depth/seedlings_9_2.jpg,../gallery_17_03_23/horizontal/depth/seedlings_9_2.jpg
90.51,17176,151,263,5385,119,142,../gallery_17_03_23/vertical/mask/seedlings_mask_9_3.jpg,../gallery_17_03_23/horizontal/mask/seedlings_mask_9_3.jpg,../gallery_17_03_23/vertical/rgb/seedlings_9_3.jpg,../gallery_17_03_23/horizontal/rgb/seedlings_9_3.jpg,../gallery_17_03_23/vertical/depth/seedlings_9_3.jpg,../gallery_17_03_23/horizontal/depth/seedlings_9_3.jpg
86.52,16384,174,223,5912,111,126,../gallery_17_03_23/vertical/mask/seedlings_mask_9_4.jpg,../gallery_17_03_23/horizontal/mask/seedlings_mask_9_4.jpg,../gallery_17_03_23/vertical/rgb/seedlings_9_4.jpg,../gallery_17_03_23/horizontal/rgb/seedlings_9_4.jpg,../gallery_17_03_23/vertical/depth/seedlings_9_4.jpg,../gallery_17_03_23/horizontal/depth/seedlings_9_4.jpg
108.92,25082,239,295,7857,127,151,../gallery_17_03_23/vertical/mask/seedlings_mask_10_2.jpg,../gallery_17_03_23/horizontal/mask/seedlings_mask_10_2.jpg,../gallery_17_03_23/vertical/rgb/seedlings_10_2.jpg,../gallery_17_03_23/horizontal/rgb/seedlings_10_2.jpg,../gallery_17_03_23/vertical/depth/seedlings_10_2.jpg,../gallery_17_03_23/horizontal/depth/seedlings_10_2.jpg
81.87,15985,158,279,4689,87,151,../gallery_17_03_23/vertical/mask/seedlings_mask_10_3.jpg,../gallery_17_03_23/horizontal/mask/seedlings_mask_10_3.jpg,../gallery_17_03_23/vertical/rgb/seedlings_10_3.jpg,../gallery_17_03_23/horizontal/rgb/seedlings_10_3.jpg,../gallery_17_03_23/vertical/depth/seedlings_10_3.jpg,../gallery_17_03_23/horizontal/depth/seedlings_10_3.jpg
91.07,18394,167,263,5962,111,150,../gallery_17_03_23/vertical/mask/seedlings_mask_10_4.jpg,../gallery_17_03_23/horizontal/mask/seedlings_mask_10_4.jpg,../gallery_17_03_23/vertical/rgb/seedlings_10_4.jpg,../gallery_17_03_23/horizontal/rgb/seedlings_10_4.jpg,../gallery_17_03_23/vertical/depth/seedlings_10_4.jpg,../gallery_17_03_23/horizontal/depth/seedlings_10_4.jpg
73.99,14344,207,175,5259,111,95,../gallery_17_03_23/vertical/mask/seedlings_mask_10_5.jpg,../gallery_17_03_23/horizontal/mask/seedlings_mask_10_5.jpg,../gallery_17_03_23/vertical/rgb/seedlings_10_5.jpg,../gallery_17_03_23/horizontal/rgb/seedlings_10_5.jpg,../gallery_17_03_23/vertical/depth/seedlings_10_5.jpg,../gallery_17_03_23/horizontal/depth/seedlings_10_5.jpg
69.48,14462,143,255,4936,95,142,../gallery_17_03_23/vertical/mask/seedlings_mask_11_1.jpg,../gallery_17_03_23/horizontal/mask/seedlings_mask_11_1.jpg,../gallery_17_03_23/vertical/rgb/seedlings_11_1.jpg,../gallery_17_03_23/horizontal/rgb/seedlings_11_1.jpg,../gallery_17_03_23/vertical/depth/seedlings_11_1.jpg,../gallery_17_03_23/horizontal/depth/seedlings_11_1.jpg
96.88,20770,175,359,5326,103,199,../gallery_17_03_23/vertical/mask/seedlings_mask_11_3.jpg,../gallery_17_03_23/horizontal/mask/seedlings_mask_11_3.jpg,../gallery_17_03_23/vertical/rgb/seedlings_11_3.jpg,../gallery_17_03_23/horizontal/rgb/seedlings_11_3.jpg,../gallery_17_03_23/vertical/depth/seedlings_11_3.jpg,../gallery_17_03_23/horizontal/depth/seedlings_11_3.jpg
92.0,14271,151,231,5218,111,115,../gallery_17_03_23/vertical/mask/seedlings_mask_11_4.jpg,../gallery_17_03_23/horizontal/mask/seedlings_mask_11_4.jpg,../gallery_17_03_23/vertical/rgb/seedlings_11_4.jpg,../gallery_17_03_23/horizontal/rgb/seedlings_11_4.jpg,../gallery_17_03_23/vertical/depth/seedlings_11_4.jpg,../gallery_17_03_23/horizontal/depth/seedlings_11_4.jpg
69.79,14152,167,207,5148,111,110,../gallery_17_03_23/vertical/mask/seedlings_mask_11_6.jpg,../gallery_17_03_23/horizontal/mask/seedlings_mask_11_6.jpg,../gallery_17_03_23/vertical/rgb/seedlings_11_6.jpg,../gallery_17_03_23/horizontal/rgb/seedlings_11_6.jpg,../gallery_17_03_23/vertical/depth/seedlings_11_6.jpg,../gallery_17_03_23/horizontal/depth/seedlings_11_6.jpg
85.03,14999,159,279,6130,111,151,../gallery_17_03_23/vertical/mask/seedlings_mask_12_3.jpg,../gallery_17_03_23/horizontal/mask/seedlings_mask_12_3.jpg,../gallery_17_03_23/vertical/rgb/seedlings_12_3.jpg,../gallery_17_03_23/horizontal/rgb/seedlings_12_3.jpg,../gallery_17_03_23/vertical/depth/seedlings_12_3.jpg,../gallery_17_03_23/horizontal/depth/seedlings_12_3.jpg
48.76,8080,119,151,3560,87,86,../gallery_17_03_23/vertical/mask/seedlings_mask_12_5.jpg,../gallery_17_03_23/horizontal/mask/seedlings_mask_12_5.jpg,../gallery_17_03_23/vertical/rgb/seedlings_12_5.jpg,../gallery_17_03_23/horizontal/rgb/seedlings_12_5.jpg,../gallery_17_03_23/vertical/depth/seedlings_12_5.jpg,../gallery_17_03_23/horizontal/depth/seedlings_12_5.jpg
59.85,3472,63,127,3561,87,71,../gallery_24_03_23/vertical/mask/seedlings_mask_1_2.jpg,../gallery_24_03_23/horizontal/mask/seedlings_mask_1_2.jpg,../gallery_24_03_23/vertical/rgb/seedlings_1_2.jpg,../gallery_24_03_23/horizontal/rgb/seedlings_1_2.jpg,../gallery_24_03_23/vertical/depth/seedlings_1_2.jpg,../gallery_24_03_23/horizontal/depth/seedlings_1_2.jpg
65.56,7193,167,133,4061,95,79,../gallery_24_03_23/vertical/mask/seedlings_mask_1_3.jpg,../gallery_24_03_23/horizontal/mask/seedlings_mask_1_3.jpg,../gallery_24_03_23/vertical/rgb/seedlings_1_3.jpg,../gallery_24_03_23/horizontal/rgb/seedlings_1_3.jpg,../gallery_24_03_23/vertical/depth/seedlings_1_3.jpg,../gallery_24_03_23/horizontal/depth/seedlings_1_3.jpg
30.87,4257,71,103,3249,79,71,../gallery_24_03_23/vertical/mask/seedlings_mask_1_4.jpg,../gallery_24_03_23/horizontal/mask/seedlings_mask_1_4.jpg,../gallery_24_03_23/vertical/rgb/seedlings_1_4.jpg,../gallery_24_03_23/horizontal/rgb/seedlings_1_4.jpg,../gallery_24_03_23/vertical/depth/seedlings_1_4.jpg,../gallery_24_03_23/horizontal/depth/seedlings_1_4.jpg
73.28,11287,183,167,3549,71,86,../gallery_24_03_23/vertical/mask/seedlings_mask_1_5.jpg,../gallery_24_03_23/horizontal/mask/seedlings_mask_1_5.jpg,../gallery_24_03_23/vertical/rgb/seedlings_1_5.jpg,../gallery_24_03_23/horizontal/rgb/seedlings_1_5.jpg,../gallery_24_03_23/vertical/depth/seedlings_1_5.jpg,../gallery_24_03_23/horizontal/depth/seedlings_1_5.jpg
79.76,11950,143,199,3925,79,111,../gallery_24_03_23/vertical/mask/seedlings_mask_1_6.jpg,../gallery_24_03_23/horizontal/mask/seedlings_mask_1_6.jpg,../gallery_24_03_23/vertical/rgb/seedlings_1_6.jpg,../gallery_24_03_23/horizontal/rgb/seedlings_1_6.jpg,../gallery_24_03_23/vertical/depth/seedlings_1_6.jpg,../gallery_24_03_23/horizontal/depth/seedlings_1_6.jpg
64.77,9104,127,191,4585,103,111,../gallery_24_03_23/vertical/mask/seedlings_mask_2_1.jpg,../gallery_24_03_23/horizontal/mask/seedlings_mask_2_1.jpg,../gallery_24_03_23/vertical/rgb/seedlings_2_1.jpg,../gallery_24_03_23/horizontal/rgb/seedlings_2_1.jpg,../gallery_24_03_23/vertical/depth/seedlings_2_1.jpg,../gallery_24_03_23/horizontal/depth/seedlings_2_1.jpg
72.11,6713,87,157,3743,95,87,../gallery_24_03_23/vertical/mask/seedlings_mask_2_2.jpg,../gallery_24_03_23/horizontal/mask/seedlings_mask_2_2.jpg,../gallery_24_03_23/vertical/rgb/seedlings_2_2.jpg,../gallery_24_03_23/horizontal/rgb/seedlings_2_2.jpg,../gallery_24_03_23/vertical/depth/seedlings_2_2.jpg,../gallery_24_03_23/horizontal/depth/seedlings_2_2.jpg
75.85,14739,151,239,4707,103,135,../gallery_24_03_23/vertical/mask/seedlings_mask_2_3.jpg,../gallery_24_03_23/horizontal/mask/seedlings_mask_2_3.jpg,../gallery_24_03_23/vertical/rgb/seedlings_2_3.jpg,../gallery_24_03_23/horizontal/rgb/seedlings_2_3.jpg,../gallery_24_03_23/vertical/depth/seedlings_2_3.jpg,../gallery_24_03_23/horizontal/depth/seedlings_2_3.jpg
86.34,20159,199,247,5619,103,143,../gallery_24_03_23/vertical/mask/seedlings_mask_2_4.jpg,../gallery_24_03_23/horizontal/mask/seedlings_mask_2_4.jpg,../gallery_24_03_23/vertical/rgb/seedlings_2_4.jpg,../gallery_24_03_23/horizontal/rgb/seedlings_2_4.jpg,../gallery_24_03_23/vertical/depth/seedlings_2_4.jpg,../gallery_24_03_23/horizontal/depth/seedlings_2_4.jpg
94.99,16819,175,255,5597,119,143,../gallery_24_03_23/vertical/mask/seedlings_mask_2_5.jpg,../gallery_24_03_23/horizontal/mask/seedlings_mask_2_5.jpg,../gallery_24_03_23/vertical/rgb/seedlings_2_5.jpg,../gallery_24_03_23/horizontal/rgb/seedlings_2_5.jpg,../gallery_24_03_23/vertical/depth/seedlings_2_5.jpg,../gallery_24_03_23/horizontal/depth/seedlings_2_5.jpg
64.33,12896,159,215,4654,119,119,../gallery_24_03_23/vertical/mask/seedlings_mask_2_6.jpg,../gallery_24_03_23/horizontal/mask/seedlings_mask_2_6.jpg,../gallery_24_03_23/vertical/rgb/seedlings_2_6.jpg,../gallery_24_03_23/horizontal/rgb/seedlings_2_6.jpg,../gallery_24_03_23/vertical/depth/seedlings_2_6.jpg,../gallery_24_03_23/horizontal/depth/seedlings_2_6.jpg
84.91,13396,111,238,4907,95,126,../gallery_24_03_23/vertical/mask/seedlings_mask_3_1.jpg,../gallery_24_03_23/horizontal/mask/seedlings_mask_3_1.jpg,../gallery_24_03_23/vertical/rgb/seedlings_3_1.jpg,../gallery_24_03_23/horizontal/rgb/seedlings_3_1.jpg,../gallery_24_03_23/vertical/depth/seedlings_3_1.jpg,../gallery_24_03_23/horizontal/depth/seedlings_3_1.jpg
55.97,4872,103,102,4118,95,79,../gallery_24_03_23/vertical/mask/seedlings_mask_3_2.jpg,../gallery_24_03_23/horizontal/mask/seedlings_mask_3_2.jpg,../gallery_24_03_23/vertical/rgb/seedlings_3_2.jpg,../gallery_24_03_23/horizontal/rgb/seedlings_3_2.jpg,../gallery_24_03_23/vertical/depth/seedlings_3_2.jpg,../gallery_24_03_23/horizontal/depth/seedlings_3_2.jpg
82.35,21762,215,279,5632,103,151,../gallery_24_03_23/vertical/mask/seedlings_mask_3_4.jpg,../gallery_24_03_23/horizontal/mask/seedlings_mask_3_4.jpg,../gallery_24_03_23/vertical/rgb/seedlings_3_4.jpg,../gallery_24_03_23/horizontal/rgb/seedlings_3_4.jpg,../gallery_24_03_23/vertical/depth/seedlings_3_4.jpg,../gallery_24_03_23/horizontal/depth/seedlings_3_4.jpg
75.63,14012,159,207,5286,111,143,../gallery_24_03_23/vertical/mask/seedlings_mask_3_5.jpg,../gallery_24_03_23/horizontal/mask/seedlings_mask_3_5.jpg,../gallery_24_03_23/vertical/rgb/seedlings_3_5.jpg,../gallery_24_03_23/horizontal/rgb/seedlings_3_5.jpg,../gallery_24_03_23/vertical/depth/seedlings_3_5.jpg,../gallery_24_03_23/horizontal/depth/seedlings_3_5.jpg
48.38,17203,199,215,5902,119,110,../gallery_24_03_23/vertical/mask/seedlings_mask_3_6.jpg,../gallery_24_03_23/horizontal/mask/seedlings_mask_3_6.jpg,../gallery_24_03_23/vertical/rgb/seedlings_3_6.jpg,../gallery_24_03_23/horizontal/rgb/seedlings_3_6.jpg,../gallery_24_03_23/vertical/depth/seedlings_3_6.jpg,../gallery_24_03_23/horizontal/depth/seedlings_3_6.jpg
92.48,23445,287,255,6376,119,135,../gallery_24_03_23/vertical/mask/seedlings_mask_4_5.jpg,../gallery_24_03_23/horizontal/mask/seedlings_mask_4_5.jpg,../gallery_24_03_23/vertical/rgb/seedlings_4_5.jpg,../gallery_24_03_23/horizontal/rgb/seedlings_4_5.jpg,../gallery_24_03_23/vertical/depth/seedlings_4_5.jpg,../gallery_24_03_23/horizontal/depth/seedlings_4_5.jpg
69.56,10807,134,223,4672,103,126,../gallery_24_03_23/vertical/mask/seedlings_mask_5_2.jpg,../gallery_24_03_23/horizontal/mask/seedlings_mask_5_2.jpg,../gallery_24_03_23/vertical/rgb/seedlings_5_2.jpg,../gallery_24_03_23/horizontal/rgb/seedlings_5_2.jpg,../gallery_24_03_23/vertical/depth/seedlings_5_2.jpg,../gallery_24_03_23/horizontal/depth/seedlings_5_2.jpg
73.57,14015,175,255,5247,119,143,../gallery_24_03_23/vertical/mask/seedlings_mask_5_3.jpg,../gallery_24_03_23/horizontal/mask/seedlings_mask_5_3.jpg,../gallery_24_03_23/vertical/rgb/seedlings_5_3.jpg,../gallery_24_03_23/horizontal/rgb/seedlings_5_3.jpg,../gallery_24_03_23/vertical/depth/seedlings_5_3.jpg,../gallery_24_03_23/horizontal/depth/seedlings_5_3.jpg
110.67,16474,127,295,4995,111,151,../gallery_24_03_23/vertical/mask/seedlings_mask_5_4.jpg,../gallery_24_03_23/horizontal/mask/seedlings_mask_5_4.jpg,../gallery_24_03_23/vertical/rgb/seedlings_5_4.jpg,../gallery_24_03_23/horizontal/rgb/seedlings_5_4.jpg,../gallery_24_03_23/vertical/depth/seedlings_5_4.jpg,../gallery_24_03_23/horizontal/depth/seedlings_5_4.jpg
94.68,21222,239,247,6018,111,135,../gallery_24_03_23/vertical/mask/seedlings_mask_5_5.jpg,../gallery_24_03_23/horizontal/mask/seedlings_mask_5_5.jpg,../gallery_24_03_23/vertical/rgb/seedlings_5_5.jpg,../gallery_24_03_23/horizontal/rgb/seedlings_5_5.jpg,../gallery_24_03_23/vertical/depth/seedlings_5_5.jpg,../gallery_24_03_23/horizontal/depth/seedlings_5_5.jpg
87.88,10863,119,175,5278,135,95,../gallery_24_03_23/vertical/mask/seedlings_mask_5_6.jpg,../gallery_24_03_23/horizontal/mask/seedlings_mask_5_6.jpg,../gallery_24_03_23/vertical/rgb/seedlings_5_6.jpg,../gallery_24_03_23/horizontal/rgb/seedlings_5_6.jpg,../gallery_24_03_23/vertical/depth/seedlings_5_6.jpg,../gallery_24_03_23/horizontal/depth/seedlings_5_6.jpg
81.61,15730,159,263,4879,95,143,../gallery_24_03_23/vertical/mask/seedlings_mask_6_1.jpg,../gallery_24_03_23/horizontal/mask/seedlings_mask_6_1.jpg,../gallery_24_03_23/vertical/rgb/seedlings_6_1.jpg,../gallery_24_03_23/horizontal/rgb/seedlings_6_1.jpg,../gallery_24_03_23/vertical/depth/seedlings_6_1.jpg,../gallery_24_03_23/horizontal/depth/seedlings_6_1.jpg
75.4,14947,159,271,4385,87,158,../gallery_24_03_23/vertical/mask/seedlings_mask_6_2.jpg,../gallery_24_03_23/horizontal/mask/seedlings_mask_6_2.jpg,../gallery_24_03_23/vertical/rgb/seedlings_6_2.jpg,../gallery_24_03_23/horizontal/rgb/seedlings_6_2.jpg,../gallery_24_03_23/vertical/depth/seedlings_6_2.jpg,../gallery_24_03_23/horizontal/depth/seedlings_6_2.jpg
90.01,22541,239,269,5897,127,143,../gallery_24_03_23/vertical/mask/seedlings_mask_6_3.jpg,../gallery_24_03_23/horizontal/mask/seedlings_mask_6_3.jpg,../gallery_24_03_23/vertical/rgb/seedlings_6_3.jpg,../gallery_24_03_23/horizontal/rgb/seedlings_6_3.jpg,../gallery_24_03_23/vertical/depth/seedlings_6_3.jpg,../gallery_24_03_23/horizontal/depth/seedlings_6_3.jpg
94.92,17054,183,255,5798,103,143,../gallery_24_03_23/vertical/mask/seedlings_mask_6_4.jpg,../gallery_24_03_23/horizontal/mask/seedlings_mask_6_4.jpg,../gallery_24_03_23/vertical/rgb/seedlings_6_4.jpg,../gallery_24_03_23/horizontal/rgb/seedlings_6_4.jpg,../gallery_24_03_23/vertical/depth/seedlings_6_4.jpg,../gallery_24_03_23/horizontal/depth/seedlings_6_4.jpg
95.69,23976,231,311,7048,135,166,../gallery_24_03_23/vertical/mask/seedlings_mask_6_5.jpg,../gallery_24_03_23/horizontal/mask/seedlings_mask_6_5.jpg,../gallery_24_03_23/vertical/rgb/seedlings_6_5.jpg,../gallery_24_03_23/horizontal/rgb/seedlings_6_5.jpg,../gallery_24_03_23/vertical/depth/seedlings_6_5.jpg,../gallery_24_03_23/horizontal/depth/seedlings_6_5.jpg
78.79,19813,191,295,5467,103,159,../gallery_24_03_23/vertical/mask/seedlings_mask_6_6.jpg,../gallery_24_03_23/horizontal/mask/seedlings_mask_6_6.jpg,../gallery_24_03_23/vertical/rgb/seedlings_6_6.jpg,../gallery_24_03_23/horizontal/rgb/seedlings_6_6.jpg,../gallery_24_03_23/vertical/depth/seedlings_6_6.jpg,../gallery_24_03_23/horizontal/depth/seedlings_6_6.jpg
71.93,14481,175,247,4947,103,143,../gallery_24_03_23/vertical/mask/seedlings_mask_7_1.jpg,../gallery_24_03_23/horizontal/mask/seedlings_mask_7_1.jpg,../gallery_24_03_23/vertical/rgb/seedlings_7_1.jpg,../gallery_24_03_23/horizontal/rgb/seedlings_7_1.jpg,../gallery_24_03_23/vertical/depth/seedlings_7_1.jpg,../gallery_24_03_23/horizontal/depth/seedlings_7_1.jpg
41.43,6961,119,135,3553,79,78,../gallery_24_03_23/vertical/mask/seedlings_mask_7_2.jpg,../gallery_24_03_23/horizontal/mask/seedlings_mask_7_2.jpg,../gallery_24_03_23/vertical/rgb/seedlings_7_2.jpg,../gallery_24_03_23/horizontal/rgb/seedlings_7_2.jpg,../gallery_24_03_23/vertical/depth/seedlings_7_2.jpg,../gallery_24_03_23/horizontal/depth/seedlings_7_2.jpg
92.6,23366,199,335,5572,119,175,../gallery_24_03_23/vertical/mask/seedlings_mask_7_3.jpg,../gallery_24_03_23/horizontal/mask/seedlings_mask_7_3.jpg,../gallery_24_03_23/vertical/rgb/seedlings_7_3.jpg,../gallery_24_03_23/horizontal/rgb/seedlings_7_3.jpg,../gallery_24_03_23/vertical/depth/seedlings_7_3.jpg,../gallery_24_03_23/horizontal/depth/seedlings_7_3.jpg
80.07,15136,167,207,5562,111,119,../gallery_24_03_23/vertical/mask/seedlings_mask_7_5.jpg,../gallery_24_03_23/horizontal/mask/seedlings_mask_7_5.jpg,../gallery_24_03_23/vertical/rgb/seedlings_7_5.jpg,../gallery_24_03_23/horizontal/rgb/seedlings_7_5.jpg,../gallery_24_03_23/vertical/depth/seedlings_7_5.jpg,../gallery_24_03_23/horizontal/depth/seedlings_7_5.jpg
75.15,15088,151,199,4784,95,111,../gallery_24_03_23/vertical/mask/seedlings_mask_7_6.jpg,../gallery_24_03_23/horizontal/mask/seedlings_mask_7_6.jpg,../gallery_24_03_23/vertical/rgb/seedlings_7_6.jpg,../gallery_24_03_23/horizontal/rgb/seedlings_7_6.jpg,../gallery_24_03_23/vertical/depth/seedlings_7_6.jpg,../gallery_24_03_23/horizontal/depth/seedlings_7_6.jpg
70.02,12843,159,207,4707,111,119,../gallery_24_03_23/vertical/mask/seedlings_mask_8_1.jpg,../gallery_24_03_23/horizontal/mask/seedlings_mask_8_1.jpg,../gallery_24_03_23/vertical/rgb/seedlings_8_1.jpg,../gallery_24_03_23/horizontal/rgb/seedlings_8_1.jpg,../gallery_24_03_23/vertical/depth/seedlings_8_1.jpg,../gallery_24_03_23/horizontal/depth/seedlings_8_1.jpg
88.45,21397,223,271,7146,119,151,../gallery_24_03_23/vertical/mask/seedlings_mask_8_2.jpg,../gallery_24_03_23/horizontal/mask/seedlings_mask_8_2.jpg,../gallery_24_03_23/vertical/rgb/seedlings_8_2.jpg,../gallery_24_03_23/horizontal/rgb/seedlings_8_2.jpg,../gallery_24_03_23/vertical/depth/seedlings_8_2.jpg,../gallery_24_03_23/horizontal/depth/seedlings_8_2.jpg
96.41,20613,223,263,7129,127,151,../gallery_24_03_23/vertical/mask/seedlings_mask_8_3.jpg,../gallery_24_03_23/horizontal/mask/seedlings_mask_8_3.jpg,../gallery_24_03_23/vertical/rgb/seedlings_8_3.jpg,../gallery_24_03_23/horizontal/rgb/seedlings_8_3.jpg,../gallery_24_03_23/vertical/depth/seedlings_8_3.jpg,../gallery_24_03_23/horizontal/depth/seedlings_8_3.jpg
102.1,21633,207,263,6460,103,151,../gallery_24_03_23/vertical/mask/seedlings_mask_8_4.jpg,../gallery_24_03_23/horizontal/mask/seedlings_mask_8_4.jpg,../gallery_24_03_23/vertical/rgb/seedlings_8_4.jpg,../gallery_24_03_23/horizontal/rgb/seedlings_8_4.jpg,../gallery_24_03_23/vertical/depth/seedlings_8_4.jpg,../gallery_24_03_23/horizontal/depth/seedlings_8_4.jpg
94.28,16217,191,223,7497,111,167,../gallery_24_03_23/vertical/mask/seedlings_mask_8_5.jpg,../gallery_24_03_23/horizontal/mask/seedlings_mask_8_5.jpg,../gallery_24_03_23/vertical/rgb/seedlings_8_5.jpg,../gallery_24_03_23/horizontal/rgb/seedlings_8_5.jpg,../gallery_24_03_23/vertical/depth/seedlings_8_5.jpg,../gallery_24_03_23/horizontal/depth/seedlings_8_5.jpg
55.92,10038,119,183,4158,103,103,../gallery_24_03_23/vertical/mask/seedlings_mask_8_6.jpg,../gallery_24_03_23/horizontal/mask/seedlings_mask_8_6.jpg,../gallery_24_03_23/vertical/rgb/seedlings_8_6.jpg,../gallery_24_03_23/horizontal/rgb/seedlings_8_6.jpg,../gallery_24_03_23/vertical/depth/seedlings_8_6.jpg,../gallery_24_03_23/horizontal/depth/seedlings_8_6.jpg
69.93,14712,175,231,4689,103,124,../gallery_24_03_23/vertical/mask/seedlings_mask_9_1.jpg,../gallery_24_03_23/horizontal/mask/seedlings_mask_9_1.jpg,../gallery_24_03_23/vertical/rgb/seedlings_9_1.jpg,../gallery_24_03_23/horizontal/rgb/seedlings_9_1.jpg,../gallery_24_03_23/vertical/depth/seedlings_9_1.jpg,../gallery_24_03_23/horizontal/depth/seedlings_9_1.jpg
81.66,10743,103,263,5207,103,143,../gallery_24_03_23/vertical/mask/seedlings_mask_9_2.jpg,../gallery_24_03_23/horizontal/mask/seedlings_mask_9_2.jpg,../gallery_24_03_23/vertical/rgb/seedlings_9_2.jpg,../gallery_24_03_23/horizontal/rgb/seedlings_9_2.jpg,../gallery_24_03_23/vertical/depth/seedlings_9_2.jpg,../gallery_24_03_23/horizontal/depth/seedlings_9_2.jpg
84.8,17435,183,230,5890,111,143,../gallery_24_03_23/vertical/mask/seedlings_mask_9_3.jpg,../gallery_24_03_23/horizontal/mask/seedlings_mask_9_3.jpg,../gallery_24_03_23/vertical/rgb/seedlings_9_3.jpg,../gallery_24_03_23/horizontal/rgb/seedlings_9_3.jpg,../gallery_24_03_23/vertical/depth/seedlings_9_3.jpg,../gallery_24_03_23/horizontal/depth/seedlings_9_3.jpg
106.32,16635,149,247,6622,111,143,../gallery_24_03_23/vertical/mask/seedlings_mask_9_4.jpg,../gallery_24_03_23/horizontal/mask/seedlings_mask_9_4.jpg,../gallery_24_03_23/vertical/rgb/seedlings_9_4.jpg,../gallery_24_03_23/horizontal/rgb/seedlings_9_4.jpg,../gallery_24_03_23/vertical/depth/seedlings_9_4.jpg,../gallery_24_03_23/horizontal/depth/seedlings_9_4.jpg
86.47,18634,223,207,5604,103,111,../gallery_24_03_23/vertical/mask/seedlings_mask_9_5.jpg,../gallery_24_03_23/horizontal/mask/seedlings_mask_9_5.jpg,../gallery_24_03_23/vertical/rgb/seedlings_9_5.jpg,../gallery_24_03_23/horizontal/rgb/seedlings_9_5.jpg,../gallery_24_03_23/vertical/depth/seedlings_9_5.jpg,../gallery_24_03_23/horizontal/depth/seedlings_9_5.jpg
65.36,11695,143,215,4591,103,119,../gallery_24_03_23/vertical/mask/seedlings_mask_9_6.jpg,../gallery_24_03_23/horizontal/mask/seedlings_mask_9_6.jpg,../gallery_24_03_23/vertical/rgb/seedlings_9_6.jpg,../gallery_24_03_23/horizontal/rgb/seedlings_9_6.jpg,../gallery_24_03_23/vertical/depth/seedlings_9_6.jpg,../gallery_24_03_23/horizontal/depth/seedlings_9_6.jpg
98.43,18519,175,247,6716,119,135,../gallery_24_03_23/vertical/mask/seedlings_mask_10_3.jpg,../gallery_24_03_23/horizontal/mask/seedlings_mask_10_3.jpg,../gallery_24_03_23/vertical/rgb/seedlings_10_3.jpg,../gallery_24_03_23/horizontal/rgb/seedlings_10_3.jpg,../gallery_24_03_23/vertical/depth/seedlings_10_3.jpg,../gallery_24_03_23/horizontal/depth/seedlings_10_3.jpg
58.96,16011,175,238,5849,111,135,../gallery_24_03_23/vertical/mask/seedlings_mask_10_4.jpg,../gallery_24_03_23/horizontal/mask/seedlings_mask_10_4.jpg,../gallery_24_03_23/vertical/rgb/seedlings_10_4.jpg,../gallery_24_03_23/horizontal/rgb/seedlings_10_4.jpg,../gallery_24_03_23/vertical/depth/seedlings_10_4.jpg,../gallery_24_03_23/horizontal/depth/seedlings_10_4.jpg
71.01,11756,199,199,5312,103,111,../gallery_24_03_23/vertical/mask/seedlings_mask_10_5.jpg,../gallery_24_03_23/horizontal/mask/seedlings_mask_10_5.jpg,../gallery_24_03_23/vertical/rgb/seedlings_10_5.jpg,../gallery_24_03_23/horizontal/rgb/seedlings_10_5.jpg,../gallery_24_03_23/vertical/depth/seedlings_10_5.jpg,../gallery_24_03_23/horizontal/depth/seedlings_10_5.jpg
70.52,12299,151,191,5101,111,111,../gallery_24_03_23/vertical/mask/seedlings_mask_10_6.jpg,../gallery_24_03_23/horizontal/mask/seedlings_mask_10_6.jpg,../gallery_24_03_23/vertical/rgb/seedlings_10_6.jpg,../gallery_24_03_23/horizontal/rgb/seedlings_10_6.jpg,../gallery_24_03_23/vertical/depth/seedlings_10_6.jpg,../gallery_24_03_23/horizontal/depth/seedlings_10_6.jpg
64.71,7533,127,135,4619,95,103,../gallery_24_03_23/vertical/mask/seedlings_mask_11_1.jpg,../gallery_24_03_23/horizontal/mask/seedlings_mask_11_1.jpg,../gallery_24_03_23/vertical/rgb/seedlings_11_1.jpg,../gallery_24_03_23/horizontal/rgb/seedlings_11_1.jpg,../gallery_24_03_23/vertical/depth/seedlings_11_1.jpg,../gallery_24_03_23/horizontal/depth/seedlings_11_1.jpg
70.88,12381,183,175,5347,111,103,../gallery_24_03_23/vertical/mask/seedlings_mask_11_2.jpg,../gallery_24_03_23/horizontal/mask/seedlings_mask_11_2.jpg,../gallery_24_03_23/vertical/rgb/seedlings_11_2.jpg,../gallery_24_03_23/horizontal/rgb/seedlings_11_2.jpg,../gallery_24_03_23/vertical/depth/seedlings_11_2.jpg,../gallery_24_03_23/horizontal/depth/seedlings_11_2.jpg
88.33,12244,135,239,6918,127,135,../gallery_24_03_23/vertical/mask/seedlings_mask_11_3.jpg,../gallery_24_03_23/horizontal/mask/seedlings_mask_11_3.jpg,../gallery_24_03_23/vertical/rgb/seedlings_11_3.jpg,../gallery_24_03_23/horizontal/rgb/seedlings_11_3.jpg,../gallery_24_03_23/vertical/depth/seedlings_11_3.jpg,../gallery_24_03_23/horizontal/depth/seedlings_11_3.jpg
63.53,15625,151,207,4557,103,111,../gallery_24_03_23/vertical/mask/seedlings_mask_11_4.jpg,../gallery_24_03_23/horizontal/mask/seedlings_mask_11_4.jpg,../gallery_24_03_23/vertical/rgb/seedlings_11_4.jpg,../gallery_24_03_23/horizontal/rgb/seedlings_11_4.jpg,../gallery_24_03_23/vertical/depth/seedlings_11_4.jpg,../gallery_24_03_23/horizontal/depth/seedlings_11_4.jpg
81.1,15028,143,207,6085,111,119,../gallery_24_03_23/vertical/mask/seedlings_mask_11_5.jpg,../gallery_24_03_23/horizontal/mask/seedlings_mask_11_5.jpg,../gallery_24_03_23/vertical/rgb/seedlings_11_5.jpg,../gallery_24_03_23/horizontal/rgb/seedlings_11_5.jpg,../gallery_24_03_23/vertical/depth/seedlings_11_5.jpg,../gallery_24_03_23/horizontal/depth/seedlings_11_5.jpg
52.61,9099,127,151,4624,103,86,../gallery_24_03_23/vertical/mask/seedlings_mask_12_2.jpg,../gallery_24_03_23/horizontal/mask/seedlings_mask_12_2.jpg,../gallery_24_03_23/vertical/rgb/seedlings_12_2.jpg,../gallery_24_03_23/horizontal/rgb/seedlings_12_2.jpg,../gallery_24_03_23/vertical/depth/seedlings_12_2.jpg,../gallery_24_03_23/horizontal/depth/seedlings_12_2.jpg
46.51,7503,127,151,3662,87,77,../gallery_24_03_23/vertical/mask/seedlings_mask_12_3.jpg,../gallery_24_03_23/horizontal/mask/seedlings_mask_12_3.jpg,../gallery_24_03_23/vertical/rgb/seedlings_12_3.jpg,../gallery_24_03_23/horizontal/rgb/seedlings_12_3.jpg,../gallery_24_03_23/vertical/depth/seedlings_12_3.jpg,../gallery_24_03_23/horizontal/depth/seedlings_12_3.jpg
91.77,14789,151,223,5900,111,127,../gallery_24_03_23/vertical/mask/seedlings_mask_12_4.jpg,../gallery_24_03_23/horizontal/mask/seedlings_mask_12_4.jpg,../gallery_24_03_23/vertical/rgb/seedlings_12_4.jpg,../gallery_24_03_23/horizontal/rgb/seedlings_12_4.jpg,../gallery_24_03_23/vertical/depth/seedlings_12_4.jpg,../gallery_24_03_23/horizontal/depth/seedlings_12_4.jpg
83.86,17307,159,247,5977,103,127,../gallery_24_03_23/vertical/mask/seedlings_mask_12_5.jpg,../gallery_24_03_23/horizontal/mask/seedlings_mask_12_5.jpg,../gallery_24_03_23/vertical/rgb/seedlings_12_5.jpg,../gallery_24_03_23/horizontal/rgb/seedlings_12_5.jpg,../gallery_24_03_23/vertical/depth/seedlings_12_5.jpg,../gallery_24_03_23/horizontal/depth/seedlings_12_5.jpg
66.95,13741,175,199,5168,103,111,../gallery_24_03_23/vertical/mask/seedlings_mask_12_6.jpg,../gallery_24_03_23/horizontal/mask/seedlings_mask_12_6.jpg,../gallery_24_03_23/vertical/rgb/seedlings_12_6.jpg,../gallery_24_03_23/horizontal/rgb/seedlings_12_6.jpg,../gallery_24_03_23/vertical/depth/seedlings_12_6.jpg,../gallery_24_03_23/horizontal/depth/seedlings_12_6.jpg
74.42,11443,159,143,5309,111,71,../gallery_31_03_23/vertical/mask/seedlings_mask_1_4.jpg,../gallery_31_03_23/horizontal/mask/seedlings_mask_1_4.jpg,../gallery_31_03_23/vertical/rgb/seedlings_1_4.jpg,../gallery_31_03_23/horizontal/rgb/seedlings_1_4.jpg,../gallery_31_03_23/vertical/depth/seedlings_1_4.jpg,../gallery_31_03_23/horizontal/depth/seedlings_1_4.jpg
96.15,16776,183,207,7285,151,103,../gallery_31_03_23/vertical/mask/seedlings_mask_1_5.jpg,../gallery_31_03_23/horizontal/mask/seedlings_mask_1_5.jpg,../gallery_31_03_23/vertical/rgb/seedlings_1_5.jpg,../gallery_31_03_23/horizontal/rgb/seedlings_1_5.jpg,../gallery_31_03_23/vertical/depth/seedlings_1_5.jpg,../gallery_31_03_23/horizontal/depth/seedlings_1_5.jpg
63.38,12693,167,143,5413,119,71,../gallery_31_03_23/vertical/mask/seedlings_mask_2_3.jpg,../gallery_31_03_23/horizontal/mask/seedlings_mask_2_3.jpg,../gallery_31_03_23/vertical/rgb/seedlings_2_3.jpg,../gallery_31_03_23/horizontal/rgb/seedlings_2_3.jpg,../gallery_31_03_23/vertical/depth/seedlings_2_3.jpg,../gallery_31_03_23/horizontal/depth/seedlings_2_3.jpg
79.07,7724,127,119,5044,143,63,../gallery_31_03_23/vertical/mask/seedlings_mask_2_4.jpg,../gallery_31_03_23/horizontal/mask/seedlings_mask_2_4.jpg,../gallery_31_03_23/vertical/rgb/seedlings_2_4.jpg,../gallery_31_03_23/horizontal/rgb/seedlings_2_4.jpg,../gallery_31_03_23/vertical/depth/seedlings_2_4.jpg,../gallery_31_03_23/horizontal/depth/seedlings_2_4.jpg
72.99,11401,143,191,5683,135,95,../gallery_31_03_23/vertical/mask/seedlings_mask_2_5.jpg,../gallery_31_03_23/horizontal/mask/seedlings_mask_2_5.jpg,../gallery_31_03_23/vertical/rgb/seedlings_2_5.jpg,../gallery_31_03_23/horizontal/rgb/seedlings_2_5.jpg,../gallery_31_03_23/vertical/depth/seedlings_2_5.jpg,../gallery_31_03_23/horizontal/depth/seedlings_2_5.jpg
90.86,9227,158,95,4518,111,63,../gallery_31_03_23/vertical/mask/seedlings_mask_3_2.jpg,../gallery_31_03_23/horizontal/mask/seedlings_mask_3_2.jpg,../gallery_31_03_23/vertical/rgb/seedlings_3_2.jpg,../gallery_31_03_23/horizontal/rgb/seedlings_3_2.jpg,../gallery_31_03_23/vertical/depth/seedlings_3_2.jpg,../gallery_31_03_23/horizontal/depth/seedlings_3_2.jpg
53.29,6798,103,95,5122,119,79,../gallery_31_03_23/vertical/mask/seedlings_mask_3_4.jpg,../gallery_31_03_23/horizontal/mask/seedlings_mask_3_4.jpg,../gallery_31_03_23/vertical/rgb/seedlings_3_4.jpg,../gallery_31_03_23/horizontal/rgb/seedlings_3_4.jpg,../gallery_31_03_23/vertical/depth/seedlings_3_4.jpg,../gallery_31_03_23/horizontal/depth/seedlings_3_4.jpg
85.81,9900,119,135,5472,151,71,../gallery_31_03_23/vertical/mask/seedlings_mask_3_5.jpg,../gallery_31_03_23/horizontal/mask/seedlings_mask_3_5.jpg,../gallery_31_03_23/vertical/rgb/seedlings_3_5.jpg,../gallery_31_03_23/horizontal/rgb/seedlings_3_5.jpg,../gallery_31_03_23/vertical/depth/seedlings_3_5.jpg,../gallery_31_03_23/horizontal/depth/seedlings_3_5.jpg
86.12,17946,199,215,6203,127,117,../gallery_31_03_23/vertical/mask/seedlings_mask_3_6.jpg,../gallery_31_03_23/horizontal/mask/seedlings_mask_3_6.jpg,../gallery_31_03_23/vertical/rgb/seedlings_3_6.jpg,../gallery_31_03_23/horizontal/rgb/seedlings_3_6.jpg,../gallery_31_03_23/vertical/depth/seedlings_3_6.jpg,../gallery_31_03_23/horizontal/depth/seedlings_3_6.jpg
74.64,12032,159,143,6214,143,79,../gallery_31_03_23/vertical/mask/seedlings_mask_4_1.jpg,../gallery_31_03_23/horizontal/mask/seedlings_mask_4_1.jpg,../gallery_31_03_23/vertical/rgb/seedlings_4_1.jpg,../gallery_31_03_23/horizontal/rgb/seedlings_4_1.jpg,../gallery_31_03_23/vertical/depth/seedlings_4_1.jpg,../gallery_31_03_23/horizontal/depth/seedlings_4_1.jpg
63.99,8659,119,167,5214,127,79,../gallery_31_03_23/vertical/mask/seedlings_mask_4_2.jpg,../gallery_31_03_23/horizontal/mask/seedlings_mask_4_2.jpg,../gallery_31_03_23/vertical/rgb/seedlings_4_2.jpg,../gallery_31_03_23/horizontal/rgb/seedlings_4_2.jpg,../gallery_31_03_23/vertical/depth/seedlings_4_2.jpg,../gallery_31_03_23/horizontal/depth/seedlings_4_2.jpg
94.18,8143,127,103,6104,143,63,../gallery_31_03_23/vertical/mask/seedlings_mask_4_3.jpg,../gallery_31_03_23/horizontal/mask/seedlings_mask_4_3.jpg,../gallery_31_03_23/vertical/rgb/seedlings_4_3.jpg,../gallery_31_03_23/horizontal/rgb/seedlings_4_3.jpg,../gallery_31_03_23/vertical/depth/seedlings_4_3.jpg,../gallery_31_03_23/horizontal/depth/seedlings_4_3.jpg
69.66,9856,167,127,5385,127,71,../gallery_31_03_23/vertical/mask/seedlings_mask_4_5.jpg,../gallery_31_03_23/horizontal/mask/seedlings_mask_4_5.jpg,../gallery_31_03_23/vertical/rgb/seedlings_4_5.jpg,../gallery_31_03_23/horizontal/rgb/seedlings_4_5.jpg,../gallery_31_03_23/vertical/depth/seedlings_4_5.jpg,../gallery_31_03_23/horizontal/depth/seedlings_4_5.jpg
87.6,16689,183,159,5567,135,79,../gallery_31_03_23/vertical/mask/seedlings_mask_5_2.jpg,../gallery_31_03_23/horizontal/mask/seedlings_mask_5_2.jpg,../gallery_31_03_23/vertical/rgb/seedlings_5_2.jpg,../gallery_31_03_23/horizontal/rgb/seedlings_5_2.jpg,../gallery_31_03_23/vertical/depth/seedlings_5_2.jpg,../gallery_31_03_23/horizontal/depth/seedlings_5_2.jpg
94.44,20573,223,215,6657,135,111,../gallery_31_03_23/vertical/mask/seedlings_mask_5_3.jpg,../gallery_31_03_23/horizontal/mask/seedlings_mask_5_3.jpg,../gallery_31_03_23/vertical/rgb/seedlings_5_3.jpg,../gallery_31_03_23/horizontal/rgb/seedlings_5_3.jpg,../gallery_31_03_23/vertical/depth/seedlings_5_3.jpg,../gallery_31_03_23/horizontal/depth/seedlings_5_3.jpg
59.42,4661,87,87,3921,111,55,../gallery_31_03_23/vertical/mask/seedlings_mask_5_4.jpg,../gallery_31_03_23/horizontal/mask/seedlings_mask_5_4.jpg,../gallery_31_03_23/vertical/rgb/seedlings_5_4.jpg,../gallery_31_03_23/horizontal/rgb/seedlings_5_4.jpg,../gallery_31_03_23/vertical/depth/seedlings_5_4.jpg,../gallery_31_03_23/horizontal/depth/seedlings_5_4.jpg
81.19,9641,119,119,5261,135,62,../gallery_31_03_23/vertical/mask/seedlings_mask_5_6.jpg,../gallery_31_03_23/horizontal/mask/seedlings_mask_5_6.jpg,../gallery_31_03_23/vertical/rgb/seedlings_5_6.jpg,../gallery_31_03_23/horizontal/rgb/seedlings_5_6.jpg,../gallery_31_03_23/vertical/depth/seedlings_5_6.jpg,../gallery_31_03_23/horizontal/depth/seedlings_5_6.jpg
100.08,6220,135,63,5719,151,63,../gallery_31_03_23/vertical/mask/seedlings_mask_6_1.jpg,../gallery_31_03_23/horizontal/mask/seedlings_mask_6_1.jpg,../gallery_31_03_23/vertical/rgb/seedlings_6_1.jpg,../gallery_31_03_23/horizontal/rgb/seedlings_6_1.jpg,../gallery_31_03_23/vertical/depth/seedlings_6_1.jpg,../gallery_31_03_23/horizontal/depth/seedlings_6_1.jpg
65.64,8264,127,151,4210,103,71,../gallery_31_03_23/vertical/mask/seedlings_mask_6_2.jpg,../gallery_31_03_23/horizontal/mask/seedlings_mask_6_2.jpg,../gallery_31_03_23/vertical/rgb/seedlings_6_2.jpg,../gallery_31_03_23/horizontal/rgb/seedlings_6_2.jpg,../gallery_31_03_23/vertical/depth/seedlings_6_2.jpg,../gallery_31_03_23/horizontal/depth/seedlings_6_2.jpg
86.62,11932,199,111,5978,143,71,../gallery_31_03_23/vertical/mask/seedlings_mask_6_4.jpg,../gallery_31_03_23/horizontal/mask/seedlings_mask_6_4.jpg,../gallery_31_03_23/vertical/rgb/seedlings_6_4.jpg,../gallery_31_03_23/horizontal/rgb/seedlings_6_4.jpg,../gallery_31_03_23/vertical/depth/seedlings_6_4.jpg,../gallery_31_03_23/horizontal/depth/seedlings_6_4.jpg
78.9,15903,199,151,5839,127,71,../gallery_31_03_23/vertical/mask/seedlings_mask_6_5.jpg,../gallery_31_03_23/horizontal/mask/seedlings_mask_6_5.jpg,../gallery_31_03_23/vertical/rgb/seedlings_6_5.jpg,../gallery_31_03_23/horizontal/rgb/seedlings_6_5.jpg,../gallery_31_03_23/vertical/depth/seedlings_6_5.jpg,../gallery_31_03_23/horizontal/depth/seedlings_6_5.jpg
88.31,15250,111,247,5727,135,127,../gallery_31_03_23/vertical/mask/seedlings_mask_7_1.jpg,../gallery_31_03_23/horizontal/mask/seedlings_mask_7_1.jpg,../gallery_31_03_23/vertical/rgb/seedlings_7_1.jpg,../gallery_31_03_23/horizontal/rgb/seedlings_7_1.jpg,../gallery_31_03_23/vertical/depth/seedlings_7_1.jpg,../gallery_31_03_23/horizontal/depth/seedlings_7_1.jpg
89.06,19414,231,223,5759,135,111,../gallery_31_03_23/vertical/mask/seedlings_mask_7_4.jpg,../gallery_31_03_23/horizontal/mask/seedlings_mask_7_4.jpg,../gallery_31_03_23/vertical/rgb/seedlings_7_4.jpg,../gallery_31_03_23/horizontal/rgb/seedlings_7_4.jpg,../gallery_31_03_23/vertical/depth/seedlings_7_4.jpg,../gallery_31_03_23/horizontal/depth/seedlings_7_4.jpg
76.34,14266,207,167,5321,111,87,../gallery_31_03_23/vertical/mask/seedlings_mask_7_5.jpg,../gallery_31_03_23/horizontal/mask/seedlings_mask_7_5.jpg,../gallery_31_03_23/vertical/rgb/seedlings_7_5.jpg,../gallery_31_03_23/horizontal/rgb/seedlings_7_5.jpg,../gallery_31_03_23/vertical/depth/seedlings_7_5.jpg,../gallery_31_03_23/horizontal/depth/seedlings_7_5.jpg
64.4,8984,111,127,5099,127,71,../gallery_31_03_23/vertical/mask/seedlings_mask_7_6.jpg,../gallery_31_03_23/horizontal/mask/seedlings_mask_7_6.jpg,../gallery_31_03_23/vertical/rgb/seedlings_7_6.jpg,../gallery_31_03_23/horizontal/rgb/seedlings_7_6.jpg,../gallery_31_03_23/vertical/depth/seedlings_7_6.jpg,../gallery_31_03_23/horizontal/depth/seedlings_7_6.jpg
78.51,13212,167,159,5847,143,87,../gallery_31_03_23/vertical/mask/seedlings_mask_8_5.jpg,../gallery_31_03_23/horizontal/mask/seedlings_mask_8_5.jpg,../gallery_31_03_23/vertical/rgb/seedlings_8_5.jpg,../gallery_31_03_23/horizontal/rgb/seedlings_8_5.jpg,../gallery_31_03_23/vertical/depth/seedlings_8_5.jpg,../gallery_31_03_23/horizontal/depth/seedlings_8_5.jpg
83.04,9254,119,127,4777,151,63,../gallery_31_03_23/vertical/mask/seedlings_mask_9_2.jpg,../gallery_31_03_23/horizontal/mask/seedlings_mask_9_2.jpg,../gallery_31_03_23/vertical/rgb/seedlings_9_2.jpg,../gallery_31_03_23/horizontal/rgb/seedlings_9_2.jpg,../gallery_31_03_23/vertical/depth/seedlings_9_2.jpg,../gallery_31_03_23/horizontal/depth/seedlings_9_2.jpg
59.72,10551,182,111,4645,111,63,../gallery_31_03_23/vertical/mask/seedlings_mask_9_3.jpg,../gallery_31_03_23/horizontal/mask/seedlings_mask_9_3.jpg,../gallery_31_03_23/vertical/rgb/seedlings_9_3.jpg,../gallery_31_03_23/horizontal/rgb/seedlings_9_3.jpg,../gallery_31_03_23/vertical/depth/seedlings_9_3.jpg,../gallery_31_03_23/horizontal/depth/seedlings_9_3.jpg
68.34,8066,143,87,5025,135,55,../gallery_31_03_23/vertical/mask/seedlings_mask_9_5.jpg,../gallery_31_03_23/horizontal/mask/seedlings_mask_9_5.jpg,../gallery_31_03_23/vertical/rgb/seedlings_9_5.jpg,../gallery_31_03_23/horizontal/rgb/seedlings_9_5.jpg,../gallery_31_03_23/vertical/depth/seedlings_9_5.jpg,../gallery_31_03_23/horizontal/depth/seedlings_9_5.jpg
91.16,8263,175,87,5830,151,55,../gallery_31_03_23/vertical/mask/seedlings_mask_9_6.jpg,../gallery_31_03_23/horizontal/mask/seedlings_mask_9_6.jpg,../gallery_31_03_23/vertical/rgb/seedlings_9_6.jpg,../gallery_31_03_23/horizontal/rgb/seedlings_9_6.jpg,../gallery_31_03_23/vertical/depth/seedlings_9_6.jpg,../gallery_31_03_23/horizontal/depth/seedlings_9_6.jpg
71.37,11455,215,87,4980,135,71,../gallery_31_03_23/vertical/mask/seedlings_mask_10_4.jpg,../gallery_31_03_23/horizontal/mask/seedlings_mask_10_4.jpg,../gallery_31_03_23/vertical/rgb/seedlings_10_4.jpg,../gallery_31_03_23/horizontal/rgb/seedlings_10_4.jpg,../gallery_31_03_23/vertical/depth/seedlings_10_4.jpg,../gallery_31_03_23/horizontal/depth/seedlings_10_4.jpg
42.66,10984,135,167,4569,111,87,../gallery_31_03_23/vertical/mask/seedlings_mask_10_5.jpg,../gallery_31_03_23/horizontal/mask/seedlings_mask_10_5.jpg,../gallery_31_03_23/vertical/rgb/seedlings_10_5.jpg,../gallery_31_03_23/horizontal/rgb/seedlings_10_5.jpg,../gallery_31_03_23/vertical/depth/seedlings_10_5.jpg,../gallery_31_03_23/horizontal/depth/seedlings_10_5.jpg
34.9,5681,111,87,3358,87,55,../gallery_31_03_23/vertical/mask/seedlings_mask_10_6.jpg,../gallery_31_03_23/horizontal/mask/seedlings_mask_10_6.jpg,../gallery_31_03_23/vertical/rgb/seedlings_10_6.jpg,../gallery_31_03_23/horizontal/rgb/seedlings_10_6.jpg,../gallery_31_03_23/vertical/depth/seedlings_10_6.jpg,../gallery_31_03_23/horizontal/depth/seedlings_10_6.jpg
58.31,10404,159,119,4300,103,63,../gallery_31_03_23/vertical/mask/seedlings_mask_11_4.jpg,../gallery_31_03_23/horizontal/mask/seedlings_mask_11_4.jpg,../gallery_31_03_23/vertical/rgb/seedlings_11_4.jpg,../gallery_31_03_23/horizontal/rgb/seedlings_11_4.jpg,../gallery_31_03_23/vertical/depth/seedlings_11_4.jpg,../gallery_31_03_23/horizontal/depth/seedlings_11_4.jpg
67.39,13690,159,231,5605,111,119,../gallery_31_03_23/vertical/mask/seedlings_mask_11_5.jpg,../gallery_31_03_23/horizontal/mask/seedlings_mask_11_5.jpg,../gallery_31_03_23/vertical/rgb/seedlings_11_5.jpg,../gallery_31_03_23/horizontal/rgb/seedlings_11_5.jpg,../gallery_31_03_23/vertical/depth/seedlings_11_5.jpg,../gallery_31_03_23/horizontal/depth/seedlings_11_5.jpg
45.63,7286,103,135,3894,95,71,../gallery_31_03_23/vertical/mask/seedlings_mask_12_2.jpg,../gallery_31_03_23/horizontal/mask/seedlings_mask_12_2.jpg,../gallery_31_03_23/vertical/rgb/seedlings_12_2.jpg,../gallery_31_03_23/horizontal/rgb/seedlings_12_2.jpg,../gallery_31_03_23/vertical/depth/seedlings_12_2.jpg,../gallery_31_03_23/horizontal/depth/seedlings_12_2.jpg
33.64,3035,63,87,3724,95,63,../gallery_31_03_23/vertical/mask/seedlings_mask_12_4.jpg,../gallery_31_03_23/horizontal/mask/seedlings_mask_12_4.jpg,../gallery_31_03_23/vertical/rgb/seedlings_12_4.jpg,../gallery_31_03_23/horizontal/rgb/seedlings_12_4.jpg,../gallery_31_03_23/vertical/depth/seedlings_12_4.jpg,../gallery_31_03_23/horizontal/depth/seedlings_12_4.jpg
49.33,7009,119,158,4262,111,87,../gallery_31_03_23/vertical/mask/seedlings_mask_12_5.jpg,../gallery_31_03_23/horizontal/mask/seedlings_mask_12_5.jpg,../gallery_31_03_23/vertical/rgb/seedlings_12_5.jpg,../gallery_31_03_23/horizontal/rgb/seedlings_12_5.jpg,../gallery_31_03_23/vertical/depth/seedlings_12_5.jpg,../gallery_31_03_23/horizontal/depth/seedlings_12_5.jpg
